Date,Year,Experiment,DataUse,Replication,Month,Vegetation,VegType,N2O,N_rate,PP2,PP7,AirT,DAF_TD,DAF_SD,WFPS25cm,NH4,NO3,Clay,Sand,SOM,outlier_naive_bayes
2/10/12,2012.0,BCSE_KBS,Building,R1,February,Corn,Annual,2.190217677,170.0,0.0,0.0,-2.4,277.0,242.0,0.640607951,11.008087,22.959578,62.5,637.5,1.174072,-1
2/18/12,2012.0,BCSE_KBS,Building,R1,February,Corn,Annual,3.542594407,170.0,3.3,8.64,0.3,285.0,250.0,0.728085401,10.831669,23.221928,62.5,637.5,1.174072,-1
2/19/12,2012.0,BCSE_KBS,Building,R1,February,Corn,Annual,3.342869686,170.0,0.0,8.13,-3.8,286.0,251.0,0.686872352,10.849792,23.271978,62.5,637.5,1.174072,-1
5/18/12,2012.0,BCSE_KBS,Building,R1,May,Corn,Annual,2.110173535,170.0,0.0,1.27,17.5,10.0,340.0,0.659850887,18.592769,39.54431,62.5,637.5,1.174072,-1
5/29/12,2012.0,BCSE_KBS,Building,R1,May,Corn,Annual,0.0,170.0,0.0,4.06,22.9,21.0,351.0,0.621865085,14.745701,44.402872,62.5,637.5,1.174072,-1
6/22/12,2012.0,BCSE_KBS,Building,R1,June,Corn,Annual,3.923316606,170.0,1.52,4.32,20.8,45.0,11.0,0.5191741,37.928038,71.227026,62.5,637.5,1.174072,-1
6/23/12,2012.0,BCSE_KBS,Building,R1,June,Corn,Annual,2.54735377,170.0,1.52,4.32,20.9,46.0,12.0,0.505723399,38.95174,74.574142,62.5,637.5,1.174072,-1
6/24/12,2012.0,BCSE_KBS,Building,R1,June,Corn,Annual,1.993078376,170.0,0.0,3.56,23.6,47.0,13.0,0.488008504,39.197408,78.365082,62.5,637.5,1.174072,-1
6/25/12,2012.0,BCSE_KBS,Building,R1,June,Corn,Annual,2.242679352,170.0,0.0,2.54,19.1,48.0,14.0,0.471588533,39.766135,80.926255,62.5,637.5,1.174072,-1
6/26/12,2012.0,BCSE_KBS,Building,R1,June,Corn,Annual,2.31102732,170.0,0.0,1.52,19.4,49.0,15.0,0.465274023,39.276256,83.245123,62.5,637.5,1.174072,-1
6/27/12,2012.0,BCSE_KBS,Building,R1,June,Corn,Annual,1.607339878,170.0,0.0,1.52,22.1,50.0,16.0,0.446167622,38.201927,86.25197,62.5,637.5,1.174072,-1
7/3/12,2012.0,BCSE_KBS,Building,R1,July,Corn,Annual,1.532710969,170.0,0.0,0.51,28.7,56.0,22.0,0.401899764,27.768741,102.740892,62.5,637.5,1.174072,-1
7/4/12,2012.0,BCSE_KBS,Building,R1,July,Corn,Annual,0.0,170.0,0.0,0.51,30.4,57.0,23.0,0.386871299,25.756941,105.880953,62.5,637.5,1.174072,-1
7/5/12,2012.0,BCSE_KBS,Building,R1,July,Corn,Annual,0.0,170.0,0.0,0.51,30.4,58.0,24.0,0.384396676,23.967883,108.772346,62.5,637.5,1.174072,-1
7/6/12,2012.0,BCSE_KBS,Building,R1,July,Corn,Annual,-0.860186291,170.0,0.0,0.51,30.7,59.0,25.0,0.372140174,22.243027,111.512744,62.5,637.5,1.174072,-1
7/7/12,2012.0,BCSE_KBS,Building,R1,July,Corn,Annual,-0.611512687,170.0,0.0,0.0,30.1,60.0,26.0,0.367790446,21.076082,113.628439,62.5,637.5,1.174072,-1
7/8/12,2012.0,BCSE_KBS,Building,R1,July,Corn,Annual,0.0,170.0,0.0,0.0,24.6,61.0,27.0,0.373680051,22.400866,113.816969,62.5,637.5,1.174072,-1
7/11/12,2012.0,BCSE_KBS,Building,R1,July,Corn,Annual,-0.420653097,170.0,0.0,6.1,23.3,64.0,30.0,0.346845538,17.945985,111.590686,62.5,637.5,1.174072,-1
7/12/12,2012.0,BCSE_KBS,Building,R1,July,Corn,Annual,-0.646941413,170.0,0.0,6.1,23.8,65.0,31.0,0.345059418,17.045083,111.39329,62.5,637.5,1.174072,-1
7/13/12,2012.0,BCSE_KBS,Building,R1,July,Corn,Annual,-0.383708989,170.0,0.0,6.1,23.9,66.0,32.0,0.339225055,16.36203,111.121888,62.5,637.5,1.174072,-1
7/14/12,2012.0,BCSE_KBS,Building,R1,July,Corn,Annual,-0.699160861,170.0,0.0,6.1,25.2,67.0,33.0,0.341788663,17.27676,110.323198,62.5,637.5,1.174072,-1
7/17/12,2012.0,BCSE_KBS,Building,R1,July,Corn,Annual,3.837211904,170.0,0.0,6.86,29.8,70.0,36.0,0.409478997,14.29002,109.603551,62.5,637.5,1.174072,-1
7/18/12,2012.0,BCSE_KBS,Building,R1,July,Corn,Annual,3.768554758,170.0,0.0,6.86,26.9,71.0,37.0,0.387937336,13.400606,109.079199,62.5,637.5,1.174072,-1
7/19/12,2012.0,BCSE_KBS,Building,R1,July,Corn,Annual,11.35170248,170.0,0.0,6.86,22.8,72.0,38.0,0.42307107,13.790962,107.792162,62.5,637.5,1.174072,-1
7/22/12,2012.0,BCSE_KBS,Building,R1,July,Corn,Annual,7.205057796,170.0,0.0,16.76,24.7,75.0,41.0,0.411412704,12.409279,102.232265,62.5,637.5,1.174072,-1
7/23/12,2012.0,BCSE_KBS,Building,R1,July,Corn,Annual,10.53682686,170.0,0.0,16.76,28.3,76.0,42.0,0.38211738,11.295314,99.584573,62.5,637.5,1.174072,-1
7/24/12,2012.0,BCSE_KBS,Building,R1,July,Corn,Annual,11.98831768,170.0,0.25,17.01,26.2,77.0,43.0,0.361807803,10.591088,96.90193,62.5,637.5,1.174072,-1
7/25/12,2012.0,BCSE_KBS,Building,R1,July,Corn,Annual,12.15293197,170.0,0.25,17.01,23.8,78.0,44.0,0.340608964,9.801931,93.675956,62.5,637.5,1.174072,-1
7/26/12,2012.0,BCSE_KBS,Building,R1,July,Corn,Annual,13.19668864,170.0,0.0,17.01,25.2,79.0,45.0,0.387062478,9.914668,89.45852,62.5,637.5,1.174072,-1
8/3/12,2012.0,BCSE_KBS,Building,R1,August,Corn,Annual,2.000428888,170.0,0.0,6.35,26.7,87.0,53.0,0.330718763,5.515403,61.344594,62.5,637.5,1.174072,-1
8/4/12,2012.0,BCSE_KBS,Building,R1,August,Corn,Annual,0.284307492,170.0,0.0,5.08,26.1,88.0,54.0,0.32226318,5.22251,59.844411,62.5,637.5,1.174072,-1
8/5/12,2012.0,BCSE_KBS,Building,R1,August,Corn,Annual,0.0,170.0,0.51,5.59,23.2,89.0,55.0,0.317268062,5.103944,59.230985,62.5,637.5,1.174072,-1
8/6/12,2012.0,BCSE_KBS,Building,R1,August,Corn,Annual,0.475389009,170.0,0.51,5.59,20.0,90.0,56.0,0.314298792,4.780167,56.332336,62.5,637.5,1.174072,-1
8/7/12,2012.0,BCSE_KBS,Building,R1,August,Corn,Annual,0.557640124,170.0,0.0,5.59,22.3,91.0,57.0,0.315481942,4.602496,53.217019,62.5,637.5,1.174072,-1
8/8/12,2012.0,BCSE_KBS,Building,R1,August,Corn,Annual,1.322148667,170.0,0.0,0.51,23.8,92.0,58.0,0.313997307,4.471187,51.222617,62.5,637.5,1.174072,-1
8/9/12,2012.0,BCSE_KBS,Building,R1,August,Corn,Annual,0.409027319,170.0,0.0,0.51,18.8,93.0,59.0,0.316958981,4.566926,49.496215,62.5,637.5,1.174072,-1
8/19/12,2012.0,BCSE_KBS,Building,R1,August,Corn,Annual,13.97807093,170.0,0.0,16.26,17.1,103.0,69.0,0.515179714,2.554784,22.847583,62.5,637.5,1.174072,-1
8/20/12,2012.0,BCSE_KBS,Building,R1,August,Corn,Annual,15.23550436,170.0,0.0,16.26,17.4,104.0,70.0,0.486678451,2.40298,21.317056,62.5,637.5,1.174072,-1
8/21/12,2012.0,BCSE_KBS,Building,R1,August,Corn,Annual,17.3315632,170.0,0.0,13.97,18.1,105.0,71.0,0.459256161,2.275438,20.029122,62.5,637.5,1.174072,-1
8/22/12,2012.0,BCSE_KBS,Building,R1,August,Corn,Annual,18.43485321,170.0,0.0,12.7,18.4,106.0,72.0,0.433236425,2.22506,19.042715,62.5,637.5,1.174072,-1
8/23/12,2012.0,BCSE_KBS,Building,R1,August,Corn,Annual,14.46447557,170.0,0.0,12.7,20.3,107.0,73.0,0.419086173,2.246492,18.308645,62.5,637.5,1.174072,-1
8/25/12,2012.0,BCSE_KBS,Building,R1,August,Corn,Annual,18.99873405,170.0,0.0,0.0,23.9,109.0,75.0,0.382398748,2.314865,17.222682,62.5,637.5,1.174072,-1
8/26/12,2012.0,BCSE_KBS,Building,R1,August,Corn,Annual,17.14349605,170.0,0.0,0.0,23.2,110.0,76.0,0.368646563,2.389901,16.766732,62.5,637.5,1.174072,-1
8/30/12,2012.0,BCSE_KBS,Building,R1,August,Corn,Annual,5.770278073,170.0,0.0,10.92,20.1,114.0,80.0,0.397187874,3.345252,17.335354,62.5,637.5,1.174072,-1
8/31/12,2012.0,BCSE_KBS,Building,R1,August,Corn,Annual,5.805116134,170.0,0.0,10.92,25.2,115.0,81.0,0.377899359,3.552984,17.570053,62.5,637.5,1.174072,-1
9/1/12,2012.0,BCSE_KBS,Building,R1,September,Corn,Annual,4.455109782,170.0,0.0,10.92,22.3,116.0,82.0,0.36146834,3.752785,17.761226,62.5,637.5,1.174072,-1
9/2/12,2012.0,BCSE_KBS,Building,R1,September,Corn,Annual,3.213254504,170.0,2.03,12.95,22.9,117.0,83.0,0.356020995,3.924931,17.985827,62.5,637.5,1.174072,-1
9/3/12,2012.0,BCSE_KBS,Building,R1,September,Corn,Annual,2.10142383,170.0,2.03,7.62,24.9,118.0,84.0,0.350886184,4.091495,18.257964,62.5,637.5,1.174072,-1
9/4/12,2012.0,BCSE_KBS,Building,R1,September,Corn,Annual,2.031806149,170.0,0.0,2.03,23.8,119.0,85.0,0.411188465,4.464134,18.28303,62.5,637.5,1.174072,-1
9/7/12,2012.0,BCSE_KBS,Building,R1,September,Corn,Annual,5.025757771,170.0,0.0,18.54,18.0,122.0,88.0,0.40845034,5.139279,18.644169,62.5,637.5,1.174072,-1
9/8/12,2012.0,BCSE_KBS,Building,R1,September,Corn,Annual,3.101627962,170.0,1.02,19.56,15.5,123.0,89.0,0.393909618,5.27307,18.752868,62.5,637.5,1.174072,-1
9/9/12,2012.0,BCSE_KBS,Building,R1,September,Corn,Annual,2.108207184,170.0,1.78,18.29,15.6,124.0,90.0,0.402783591,5.410005,18.856716,62.5,637.5,1.174072,-1
9/10/12,2012.0,BCSE_KBS,Building,R1,September,Corn,Annual,2.01884872,170.0,3.05,20.58,15.2,125.0,91.0,0.384488515,5.517488,18.99029,62.5,637.5,1.174072,-1
9/11/12,2012.0,BCSE_KBS,Building,R1,September,Corn,Annual,1.710316029,170.0,2.29,20.58,18.3,126.0,92.0,0.37695771,5.617673,19.161859,62.5,637.5,1.174072,-1
9/12/12,2012.0,BCSE_KBS,Building,R1,September,Corn,Annual,1.721760876,170.0,0.0,4.07,20.7,127.0,93.0,0.367346897,5.715341,19.367416,62.5,637.5,1.174072,-1
9/13/12,2012.0,BCSE_KBS,Building,R1,September,Corn,Annual,2.24717742,170.0,0.0,4.07,20.1,128.0,94.0,0.362201037,5.844107,19.5131,62.5,637.5,1.174072,-1
9/14/12,2012.0,BCSE_KBS,Building,R1,September,Corn,Annual,3.987497463,170.0,3.3,7.37,15.5,129.0,95.0,0.409514119,5.974781,19.612037,62.5,637.5,1.174072,-1
9/15/12,2012.0,BCSE_KBS,Building,R1,September,Corn,Annual,4.499277417,170.0,9.65,12.7,14.6,130.0,96.0,0.408624857,6.068557,19.747986,62.5,637.5,1.174072,-1
9/16/12,2012.0,BCSE_KBS,Building,R1,September,Corn,Annual,3.330966499,170.0,6.35,11.94,16.3,131.0,97.0,0.397935071,6.148889,19.902954,62.5,637.5,1.174072,-1
9/17/12,2012.0,BCSE_KBS,Building,R1,September,Corn,Annual,3.799833697,170.0,0.0,9.65,17.0,132.0,98.0,0.391293528,6.221684,20.06843,62.5,637.5,1.174072,-1
9/18/12,2012.0,BCSE_KBS,Building,R1,September,Corn,Annual,3.682277234,170.0,0.0,9.65,13.1,133.0,99.0,0.384473322,6.312472,20.165399,62.5,637.5,1.174072,-1
9/19/12,2012.0,BCSE_KBS,Building,R1,September,Corn,Annual,2.596670769,170.0,4.06,13.71,12.5,134.0,100.0,0.379137752,6.376309,20.280086,62.5,637.5,1.174072,-1
9/20/12,2012.0,BCSE_KBS,Building,R1,September,Corn,Annual,2.770508507,170.0,4.06,13.71,15.3,135.0,101.0,0.381199115,6.437835,20.409432,62.5,637.5,1.174072,-1
9/21/12,2012.0,BCSE_KBS,Building,R1,September,Corn,Annual,1.476872973,170.0,0.76,11.17,11.8,136.0,102.0,0.392389169,6.529251,20.491463,62.5,637.5,1.174072,-1
9/22/12,2012.0,BCSE_KBS,Building,R1,September,Corn,Annual,1.613950989,170.0,6.75,10.81,10.1,137.0,103.0,0.470925758,6.66404,20.504918,62.5,637.5,1.174072,-1
9/25/12,2012.0,BCSE_KBS,Building,R1,September,Corn,Annual,2.172975276,170.0,0.76,26.05,14.5,140.0,106.0,0.484935235,6.928301,20.703407,62.5,637.5,1.174072,-1
9/26/12,2012.0,BCSE_KBS,Building,R1,September,Corn,Annual,3.172792215,170.0,0.25,21.99,16.6,141.0,107.0,0.477110541,6.991098,20.83205,62.5,637.5,1.174072,-1
9/27/12,2012.0,BCSE_KBS,Building,R1,September,Corn,Annual,2.288770988,170.0,0.0,21.99,13.2,142.0,108.0,0.470070932,7.045136,20.952025,62.5,637.5,1.174072,-1
9/28/12,2012.0,BCSE_KBS,Building,R1,September,Corn,Annual,2.836872707,170.0,0.0,21.23,14.4,143.0,109.0,0.464716716,7.091013,21.085376,62.5,637.5,1.174072,-1
9/29/12,2012.0,BCSE_KBS,Building,R1,September,Corn,Annual,2.114147784,170.0,0.0,15.24,13.5,144.0,110.0,0.45798964,7.131828,21.224576,62.5,637.5,1.174072,-1
9/30/12,2012.0,BCSE_KBS,Building,R1,September,Corn,Annual,1.292260161,170.0,0.0,0.76,12.6,145.0,111.0,0.44679761,7.170223,21.357642,62.5,637.5,1.174072,-1
10/1/12,2012.0,BCSE_KBS,Building,R1,October,Corn,Annual,0.581453523,170.0,0.0,0.25,11.1,146.0,112.0,0.439873227,7.206853,21.473481,62.5,637.5,1.174072,-1
10/2/12,2012.0,BCSE_KBS,Building,R1,October,Corn,Annual,2.279281304,170.0,0.0,0.0,15.2,147.0,113.0,0.435720806,7.236358,21.62489,62.5,637.5,1.174072,-1
10/3/12,2012.0,BCSE_KBS,Building,R1,October,Corn,Annual,1.601612199,170.0,0.51,0.51,14.4,148.0,114.0,0.431851226,7.268796,21.765958,62.5,637.5,1.174072,-1
10/4/12,2012.0,BCSE_KBS,Building,R1,October,Corn,Annual,2.128334157,170.0,1.78,1.78,17.4,149.0,115.0,0.442020123,7.365871,21.864431,62.5,637.5,1.174072,-1
10/5/12,2012.0,BCSE_KBS,Building,R1,October,Corn,Annual,2.390739233,170.0,8.38,8.89,9.9,150.0,116.0,0.500949543,7.426716,21.939968,62.5,637.5,1.174072,-1
10/6/12,2012.0,BCSE_KBS,Building,R1,October,Corn,Annual,0.49448597,170.0,7.11,8.89,6.1,151.0,117.0,0.484012828,7.477542,22.002469,62.5,637.5,1.174072,-1
10/7/12,2012.0,BCSE_KBS,Building,R1,October,Corn,Annual,0.0,170.0,0.51,9.4,5.3,152.0,118.0,0.483019388,7.523509,22.057741,62.5,637.5,1.174072,-1
10/8/12,2012.0,BCSE_KBS,Building,R1,October,Corn,Annual,0.091928643,170.0,1.53,10.42,5.7,153.0,119.0,0.479149808,7.560236,22.128317,62.5,637.5,1.174072,-1
10/9/12,2012.0,BCSE_KBS,Building,R1,October,Corn,Annual,-0.630948576,170.0,1.02,10.42,10.1,154.0,120.0,0.474844919,7.59275,22.221587,62.5,637.5,1.174072,-1
10/10/12,2012.0,BCSE_KBS,Building,R1,October,Corn,Annual,0.624933775,170.0,0.25,10.16,6.4,155.0,121.0,0.495463529,7.643634,22.273427,62.5,637.5,1.174072,-1
10/11/12,2012.0,BCSE_KBS,Building,R1,October,Corn,Annual,0.147387069,170.0,6.09,14.73,8.4,156.0,122.0,0.49320693,7.686467,22.34786,62.5,637.5,1.174072,-1
10/12/12,2012.0,BCSE_KBS,Building,R1,October,Corn,Annual,0.0,170.0,6.09,7.87,5.6,157.0,123.0,0.499137874,7.730979,22.412099,62.5,637.5,1.174072,-1
10/13/12,2012.0,BCSE_KBS,Building,R1,October,Corn,Annual,0.0,170.0,2.79,10.41,6.5,158.0,124.0,0.616367694,7.848752,22.402573,62.5,637.5,1.174072,-1
11/8/12,2012.0,BCSE_KBS,Building,R1,November,Corn,Annual,0.0,170.0,0.0,0.0,2.0,184.0,150.0,0.654239977,9.47141,22.921844,62.5,637.5,1.174072,-1
11/9/12,2012.0,BCSE_KBS,Building,R1,November,Corn,Annual,0.0,170.0,0.0,0.0,6.5,185.0,151.0,0.65186608,9.45084,23.005519,62.5,637.5,1.174072,-1
11/10/12,2012.0,BCSE_KBS,Building,R1,November,Corn,Annual,0.330195277,170.0,0.0,0.0,13.7,186.0,152.0,0.622918509,9.403693,23.14425,62.5,637.5,1.174072,-1
11/12/12,2012.0,BCSE_KBS,Building,R1,November,Corn,Annual,1.732954529,170.0,0.0,0.0,5.0,188.0,154.0,0.676546101,9.357926,23.36643,62.5,637.5,1.174072,-1
11/15/12,2012.0,BCSE_KBS,Building,R1,November,Corn,Annual,2.016275185,170.0,0.0,9.91,0.1,191.0,157.0,0.694677612,9.371532,23.505893,62.5,637.5,1.174072,-1
11/16/12,2012.0,BCSE_KBS,Building,R1,November,Corn,Annual,1.060357073,170.0,0.0,9.91,2.3,192.0,158.0,0.685985753,9.363112,23.573134,62.5,637.5,1.174072,-1
11/17/12,2012.0,BCSE_KBS,Building,R1,November,Corn,Annual,0.0,170.0,0.0,9.91,3.7,193.0,159.0,0.682220351,9.350561,23.646739,62.5,637.5,1.174072,-1
11/18/12,2012.0,BCSE_KBS,Building,R1,November,Corn,Annual,0.0,170.0,0.0,9.91,5.6,194.0,160.0,0.679753324,9.3306,23.734547,62.5,637.5,1.174072,-1
11/19/12,2012.0,BCSE_KBS,Building,R1,November,Corn,Annual,0.311044846,170.0,0.0,9.91,6.4,195.0,161.0,0.675202838,9.30862,23.824198,62.5,637.5,1.174072,-1
11/20/12,2012.0,BCSE_KBS,Building,R1,November,Corn,Annual,0.0,170.0,0.0,0.0,7.0,196.0,162.0,0.673074539,9.286617,23.913298,62.5,637.5,1.174072,-1
11/21/12,2012.0,BCSE_KBS,Building,R1,November,Corn,Annual,0.0,170.0,0.25,0.25,5.1,197.0,163.0,0.673718203,9.265383,24.000824,62.5,637.5,1.174072,-1
11/22/12,2012.0,BCSE_KBS,Building,R1,November,Corn,Annual,0.508862891,170.0,0.25,0.25,10.1,198.0,164.0,0.672233568,9.232437,24.113029,62.5,637.5,1.174072,-1
11/23/12,2012.0,BCSE_KBS,Building,R1,November,Corn,Annual,0.450239897,170.0,1.27,1.52,3.3,199.0,165.0,0.678949595,9.203736,24.192673,62.5,637.5,1.174072,-1
11/24/12,2012.0,BCSE_KBS,Building,R1,November,Corn,Annual,0.0,170.0,2.54,2.79,-1.4,200.0,166.0,0.679157951,9.187064,24.248366,62.5,637.5,1.174072,-1
11/25/12,2012.0,BCSE_KBS,Building,R1,November,Corn,Annual,0.0,170.0,1.27,2.79,-0.7,201.0,167.0,0.672724763,9.169499,24.305035,62.5,637.5,1.174072,-1
11/26/12,2012.0,BCSE_KBS,Building,R1,November,Corn,Annual,-0.741943227,170.0,0.0,2.79,-0.4,202.0,168.0,0.66797697,9.15215,24.360762,62.5,637.5,1.174072,-1
11/27/12,2012.0,BCSE_KBS,Building,R1,November,Corn,Annual,0.0,170.0,0.0,2.79,-1.8,203.0,169.0,0.661752137,9.136136,24.413227,62.5,637.5,1.174072,-1
11/28/12,2012.0,BCSE_KBS,Building,R1,November,Corn,Annual,0.0,170.0,0.0,2.54,0.2,204.0,170.0,0.656312389,9.115526,24.47376,62.5,637.5,1.174072,-1
11/29/12,2012.0,BCSE_KBS,Building,R1,November,Corn,Annual,0.0,170.0,0.0,2.54,2.9,205.0,171.0,0.652558035,9.08821,24.545286,62.5,637.5,1.174072,-1
11/30/12,2012.0,BCSE_KBS,Building,R1,November,Corn,Annual,-0.95282853,170.0,0.0,1.27,3.7,206.0,172.0,0.652558035,9.056897,24.615465,62.5,637.5,1.174072,-1
12/1/12,2012.0,BCSE_KBS,Building,R1,December,Corn,Annual,-0.470951563,170.0,0.0,0.0,6.3,207.0,173.0,0.66980551,9.012312,24.706353,62.5,637.5,1.174072,-1
12/2/12,2012.0,BCSE_KBS,Building,R1,December,Corn,Annual,0.0,170.0,0.25,0.25,11.3,208.0,174.0,0.705884142,9.005887,24.754537,62.5,637.5,1.174072,-1
12/5/12,2012.0,BCSE_KBS,Building,R1,December,Corn,Annual,0.0,170.0,1.27,11.68,0.1,211.0,177.0,0.706256659,8.939775,24.949796,62.5,637.5,1.174072,-1
12/6/12,2012.0,BCSE_KBS,Building,R1,December,Corn,Annual,0.0,170.0,1.27,11.68,0.5,212.0,178.0,0.694290594,8.920963,25.004028,62.5,637.5,1.174072,-1
12/7/12,2012.0,BCSE_KBS,Building,R1,December,Corn,Annual,-0.401317853,170.0,0.0,11.68,5.0,213.0,179.0,0.705698528,8.899937,25.066166,62.5,637.5,1.174072,-1
12/8/12,2012.0,BCSE_KBS,Building,R1,December,Corn,Annual,0.0,170.0,2.03,13.71,2.0,214.0,180.0,0.723379633,8.893425,25.109865,62.5,637.5,1.174072,-1
12/9/12,2012.0,BCSE_KBS,Building,R1,December,Corn,Annual,1.05282372,170.0,6.35,17.78,1.0,215.0,181.0,0.724350976,8.894826,25.143994,62.5,637.5,1.174072,-1
12/10/12,2012.0,BCSE_KBS,Building,R1,December,Corn,Annual,0.0,170.0,7.11,10.41,1.6,216.0,182.0,0.732864172,8.893819,25.17997,62.5,637.5,1.174072,-1
12/11/12,2012.0,BCSE_KBS,Building,R1,December,Corn,Annual,0.0,170.0,3.04,10.66,-1.5,217.0,183.0,0.716342096,8.890042,25.215786,62.5,637.5,1.174072,-1
12/12/12,2012.0,BCSE_KBS,Building,R1,December,Corn,Annual,0.405097738,170.0,0.25,9.39,0.4,218.0,184.0,0.701996609,8.878474,25.262781,62.5,637.5,1.174072,-1
12/13/12,2012.0,BCSE_KBS,Building,R1,December,Corn,Annual,0.0,170.0,0.0,9.39,2.2,219.0,185.0,0.69467416,8.860378,25.318804,62.5,637.5,1.174072,-1
12/14/12,2012.0,BCSE_KBS,Building,R1,December,Corn,Annual,0.0,170.0,0.0,9.39,2.6,220.0,186.0,0.687563518,8.837667,25.381016,62.5,637.5,1.174072,-1
12/15/12,2012.0,BCSE_KBS,Building,R1,December,Corn,Annual,0.0,170.0,0.0,7.36,3.8,221.0,187.0,0.68618306,8.816816,25.441489,62.5,637.5,1.174072,-1
12/16/12,2012.0,BCSE_KBS,Building,R1,December,Corn,Annual,0.0,170.0,2.03,5.07,7.3,222.0,188.0,0.726244726,8.798455,25.50208,62.5,637.5,1.174072,-1
12/17/12,2012.0,BCSE_KBS,Building,R1,December,Corn,Annual,0.0,170.0,4.06,4.31,3.6,223.0,189.0,0.720291685,8.782189,25.556584,62.5,637.5,1.174072,-1
12/19/12,2012.0,BCSE_KBS,Building,R1,December,Corn,Annual,0.0,170.0,0.51,4.57,2.3,225.0,191.0,0.716173055,8.747301,25.666207,62.5,637.5,1.174072,-1
12/20/12,2012.0,BCSE_KBS,Building,R1,December,Corn,Annual,0.0,170.0,0.51,4.57,4.1,226.0,192.0,0.76661202,8.779305,25.67338,62.5,637.5,1.174072,-1
12/28/12,2012.0,BCSE_KBS,Building,R1,December,Corn,Annual,1.469760129,170.0,3.05,4.57,-4.0,234.0,200.0,0.596627674,8.816173,25.878115,62.5,637.5,1.174072,-1
12/29/12,2012.0,BCSE_KBS,Building,R1,December,Corn,Annual,3.436682224,170.0,0.76,3.81,-3.3,235.0,201.0,0.601178161,8.809687,25.912914,62.5,637.5,1.174072,-1
12/30/12,2012.0,BCSE_KBS,Building,R1,December,Corn,Annual,1.285167236,170.0,1.27,4.32,-4.7,236.0,202.0,0.608206722,8.80343,25.946064,62.5,637.5,1.174072,-1
12/31/12,2012.0,BCSE_KBS,Building,R1,December,Corn,Annual,0.0,170.0,0.76,4.57,-1.9,237.0,203.0,0.612653031,8.794716,25.985065,62.5,637.5,1.174072,-1
1/2/13,2013.0,BCSE_KBS,Building,R1,January,Corn,Annual,3.597893416,170.0,0.0,4.57,-5.5,239.0,205.0,0.609095984,8.780118,26.052589,62.5,637.5,1.174072,-1
1/3/13,2013.0,BCSE_KBS,Building,R1,January,Corn,Annual,0.0,170.0,0.0,1.52,-5.4,240.0,206.0,0.59584259,8.774026,26.083461,62.5,637.5,1.174072,-1
1/4/13,2013.0,BCSE_KBS,Building,R1,January,Corn,Annual,0.549594576,170.0,0.0,1.52,-2.7,241.0,207.0,0.597025741,8.764025,26.122026,62.5,637.5,1.174072,-1
1/5/13,2013.0,BCSE_KBS,Building,R1,January,Corn,Annual,1.013856856,170.0,0.0,0.76,-2.1,242.0,208.0,0.602164004,8.756778,26.159109,62.5,637.5,1.174072,-1
1/6/13,2013.0,BCSE_KBS,Building,R1,January,Corn,Annual,4.660267277,170.0,0.51,0.76,0.4,243.0,209.0,0.609769293,8.747425,26.202215,62.5,637.5,1.174072,-1
1/7/13,2013.0,BCSE_KBS,Building,R1,January,Corn,Annual,2.597178554,170.0,0.76,0.76,-1.4,244.0,210.0,0.617195921,8.735582,26.245987,62.5,637.5,1.174072,-1
1/8/13,2013.0,BCSE_KBS,Building,R1,January,Corn,Annual,1.388589678,170.0,0.25,0.76,-1.1,245.0,211.0,0.617300099,8.721496,26.29304,62.5,637.5,1.174072,-1
1/9/13,2013.0,BCSE_KBS,Building,R1,January,Corn,Annual,3.667460522,170.0,0.0,0.76,3.6,246.0,212.0,0.657410006,8.699654,26.354594,62.5,637.5,1.174072,-1
1/10/13,2013.0,BCSE_KBS,Building,R1,January,Corn,Annual,0.502799785,170.0,0.51,1.27,0.4,247.0,213.0,0.688579054,8.692478,26.398313,62.5,637.5,1.174072,-1
1/20/13,2013.0,BCSE_KBS,Building,R1,January,Corn,Annual,0.925988511,170.0,0.0,12.7,-6.9,257.0,223.0,0.586466374,8.81135,26.622746,62.5,637.5,1.174072,-1
1/21/13,2013.0,BCSE_KBS,Building,R1,January,Corn,Annual,0.742359432,170.0,0.0,0.0,-11.1,258.0,224.0,0.57202983,8.810043,26.645043,62.5,637.5,1.174072,-1
1/24/13,2013.0,BCSE_KBS,Building,R1,January,Corn,Annual,0.560052105,170.0,1.27,4.57,-11.6,261.0,227.0,0.549481609,8.806522,26.703638,62.5,637.5,1.174072,-1
1/25/13,2013.0,BCSE_KBS,Building,R1,January,Corn,Annual,0.0,170.0,0.0,4.57,-8.4,262.0,228.0,0.545329188,8.802337,26.728428,62.5,637.5,1.174072,-1
1/26/13,2013.0,BCSE_KBS,Building,R1,January,Corn,Annual,2.871360987,170.0,0.0,4.57,-5.3,263.0,229.0,0.556000329,8.794558,26.76008,62.5,637.5,1.174072,-1
1/27/13,2013.0,BCSE_KBS,Building,R1,January,Corn,Annual,3.646318755,170.0,0.0,4.57,-4.8,264.0,230.0,0.551271181,8.786765,26.79173,62.5,637.5,1.174072,-1
2/9/13,2013.0,BCSE_KBS,Building,R1,February,Corn,Annual,2.517127829,170.0,8.63,12.69,-6.7,277.0,243.0,0.705382591,8.998073,26.930997,62.5,637.5,1.174072,-1
2/10/13,2013.0,BCSE_KBS,Building,R1,February,Corn,Annual,3.495884387,170.0,2.03,11.93,-0.1,278.0,244.0,0.70123017,9.018125,26.944092,62.5,637.5,1.174072,-1
2/11/13,2013.0,BCSE_KBS,Building,R1,February,Corn,Annual,3.33582946,170.0,2.29,13.46,2.1,279.0,245.0,0.745753338,9.043011,26.95699,62.5,637.5,1.174072,-1
2/12/13,2013.0,BCSE_KBS,Building,R1,February,Corn,Annual,3.128224686,170.0,3.05,12.19,-2.3,280.0,246.0,0.721802562,9.058954,26.973166,62.5,637.5,1.174072,-1
2/13/13,2013.0,BCSE_KBS,Building,R1,February,Corn,Annual,5.362367531,170.0,0.76,11.68,-1.0,281.0,247.0,0.71161502,9.076761,26.989858,62.5,637.5,1.174072,-1
2/14/13,2013.0,BCSE_KBS,Building,R1,February,Corn,Annual,3.950759506,170.0,0.0,11.68,1.1,282.0,248.0,0.713988916,9.098617,27.004335,62.5,637.5,1.174072,-1
2/15/13,2013.0,BCSE_KBS,Building,R1,February,Corn,Annual,3.662710185,170.0,0.51,5.59,-4.1,283.0,249.0,0.71193515,9.11208,27.021658,62.5,637.5,1.174072,-1
2/16/13,2013.0,BCSE_KBS,Building,R1,February,Corn,Annual,4.249502455,170.0,0.51,3.56,-7.8,284.0,250.0,0.665667297,9.121169,27.037695,62.5,637.5,1.174072,-1
2/18/13,2013.0,BCSE_KBS,Building,R1,February,Corn,Annual,6.202573436,170.0,1.52,2.79,0.6,286.0,252.0,0.600129575,9.147237,27.068792,62.5,637.5,1.174072,-1
2/19/13,2013.0,BCSE_KBS,Building,R1,February,Corn,Annual,4.397992331,170.0,3.05,5.08,-3.9,287.0,253.0,0.654442218,9.177076,27.072469,62.5,637.5,1.174072,-1
2/20/13,2013.0,BCSE_KBS,Building,R1,February,Corn,Annual,0.0,170.0,8.64,10.67,-7.9,288.0,254.0,0.669630007,9.193528,27.081772,62.5,637.5,1.174072,-1
2/21/13,2013.0,BCSE_KBS,Building,R1,February,Corn,Annual,4.676305072,170.0,6.61,11.69,-5.6,289.0,255.0,0.652715389,9.206409,27.09652,62.5,637.5,1.174072,-1
2/22/13,2013.0,BCSE_KBS,Building,R1,February,Corn,Annual,2.751717688,170.0,1.02,11.18,-3.5,290.0,256.0,0.624251416,9.215095,27.118,62.5,637.5,1.174072,-1
2/23/13,2013.0,BCSE_KBS,Building,R1,February,Corn,Annual,4.292850926,170.0,6.6,17.78,-3.0,291.0,257.0,0.626721894,9.220184,27.143752,62.5,637.5,1.174072,-1
2/24/13,2013.0,BCSE_KBS,Building,R1,February,Corn,Annual,4.193326373,170.0,6.85,16.51,-2.3,292.0,258.0,0.627506978,9.226783,27.168345,62.5,637.5,1.174072,-1
2/25/13,2013.0,BCSE_KBS,Building,R1,February,Corn,Annual,4.765334021,170.0,0.25,16.51,-2.7,293.0,259.0,0.626126521,9.245985,27.186131,62.5,637.5,1.174072,-1
2/26/13,2013.0,BCSE_KBS,Building,R1,February,Corn,Annual,3.483344376,170.0,0.0,13.46,-0.7,294.0,260.0,0.621378727,9.259418,27.208134,62.5,637.5,1.174072,-1
3/1/13,2013.0,BCSE_KBS,Building,R1,March,Corn,Annual,0.0,170.0,8.12,25.64,-3.3,297.0,263.0,0.669916299,9.327126,27.250051,62.5,637.5,1.174072,-1
3/2/13,2013.0,BCSE_KBS,Building,R1,March,Corn,Annual,0.304896421,170.0,0.25,19.04,-5.5,298.0,264.0,0.667750758,9.336189,27.270696,62.5,637.5,1.174072,-1
3/3/13,2013.0,BCSE_KBS,Building,R1,March,Corn,Annual,0.613123145,170.0,0.0,18.79,-5.1,299.0,265.0,0.639673803,9.339528,27.297097,62.5,637.5,1.174072,-1
3/4/13,2013.0,BCSE_KBS,Building,R1,March,Corn,Annual,0.0,170.0,0.0,18.79,-4.9,300.0,266.0,0.619306316,9.348621,27.319908,62.5,637.5,1.174072,-1
3/5/13,2013.0,BCSE_KBS,Building,R1,March,Corn,Annual,1.79936523,170.0,0.0,18.79,-2.7,301.0,267.0,0.598239277,9.356548,27.345845,62.5,637.5,1.174072,-1
3/6/13,2013.0,BCSE_KBS,Building,R1,March,Corn,Annual,0.875860487,170.0,0.0,8.12,-0.6,302.0,268.0,0.590239373,9.365914,27.372913,62.5,637.5,1.174072,-1
3/7/13,2013.0,BCSE_KBS,Building,R1,March,Corn,Annual,1.34407712,170.0,0.0,0.25,0.0,303.0,269.0,0.614543329,9.375943,27.398668,62.5,637.5,1.174072,-1
3/8/13,2013.0,BCSE_KBS,Building,R1,March,Corn,Annual,2.029125423,170.0,0.0,0.0,-1.1,304.0,270.0,0.614156311,9.393244,27.421376,62.5,637.5,1.174072,-1
3/9/13,2013.0,BCSE_KBS,Building,R1,March,Corn,Annual,3.850252823,170.0,0.0,0.0,1.2,305.0,271.0,0.615224235,9.415074,27.439477,62.5,637.5,1.174072,-1
3/14/13,2013.0,BCSE_KBS,Building,R1,March,Corn,Annual,14.26154829,170.0,4.83,15.49,-1.4,310.0,276.0,0.678541269,9.616068,27.448667,62.5,637.5,1.174072,-1
3/15/13,2013.0,BCSE_KBS,Building,R1,March,Corn,Annual,10.3174865,170.0,1.02,15.49,1.0,311.0,277.0,0.669440296,9.638702,27.468758,62.5,637.5,1.174072,-1
3/16/13,2013.0,BCSE_KBS,Building,R1,March,Corn,Annual,2.187109724,170.0,3.05,18.54,-1.3,312.0,278.0,0.68783955,9.653426,27.49188,62.5,637.5,1.174072,-1
3/17/13,2013.0,BCSE_KBS,Building,R1,March,Corn,Annual,1.330547336,170.0,5.34,20.83,-2.7,313.0,279.0,0.667661773,9.660296,27.521186,62.5,637.5,1.174072,-1
3/18/13,2013.0,BCSE_KBS,Building,R1,March,Corn,Annual,5.829839706,170.0,2.29,18.04,-2.0,314.0,280.0,0.636027771,9.66306,27.554855,62.5,637.5,1.174072,-1
3/19/13,2013.0,BCSE_KBS,Building,R1,March,Corn,Annual,3.131058769,170.0,3.56,13.73,-4.7,315.0,281.0,0.626145166,9.663821,27.586765,62.5,637.5,1.174072,-1
3/20/13,2013.0,BCSE_KBS,Building,R1,March,Corn,Annual,3.229343021,170.0,3.81,10.17,-5.9,316.0,282.0,0.604594529,9.663762,27.61632,62.5,637.5,1.174072,-1
4/29/13,2013.0,BCSE_KBS,Building,R1,April,Corn,Annual,1.342090889,170.0,0.25,21.58,14.9,356.0,322.0,0.628198933,9.594753,29.420638,62.5,637.5,1.174072,-1
5/7/13,2013.0,BCSE_KBS,Building,R1,May,Corn,Annual,1.774603299,170.0,0.0,11.94,16.9,1.0,330.0,0.613051097,11.612726,32.950389,62.5,637.5,1.174072,-1
5/8/13,2013.0,BCSE_KBS,Building,R1,May,Corn,Annual,0.086756437,170.0,0.0,0.0,18.1,2.0,331.0,0.632105015,12.633704,34.334413,62.5,637.5,1.174072,-1
5/9/13,2013.0,BCSE_KBS,Building,R1,May,Corn,Annual,0.740019647,170.0,0.0,0.0,17.9,3.0,332.0,0.632503081,13.805007,35.409536,62.5,637.5,1.174072,-1
5/14/13,2013.0,BCSE_KBS,Building,R1,May,Corn,Annual,0.683206888,170.0,0.0,10.92,15.6,8.0,337.0,0.66319953,16.61822,38.501605,62.5,637.5,1.174072,-1
5/15/13,2013.0,BCSE_KBS,Building,R1,May,Corn,Annual,1.247729181,170.0,0.0,10.92,21.5,9.0,338.0,0.652472502,17.194261,39.614156,62.5,637.5,1.174072,-1
5/16/13,2013.0,BCSE_KBS,Building,R1,May,Corn,Annual,0.577199823,170.0,0.0,10.92,18.3,10.0,339.0,0.641897942,17.627427,40.762024,62.5,637.5,1.174072,-1
5/17/13,2013.0,BCSE_KBS,Building,R1,May,Corn,Annual,1.291970562,170.0,0.0,7.62,17.2,11.0,340.0,0.634586541,17.991763,41.582085,62.5,637.5,1.174072,-1
5/18/13,2013.0,BCSE_KBS,Building,R1,May,Corn,Annual,1.118848068,170.0,0.0,0.76,19.5,12.0,341.0,0.63027233,18.149336,42.757892,62.5,637.5,1.174072,-1
5/19/13,2013.0,BCSE_KBS,Building,R1,May,Corn,Annual,0.703135197,170.0,0.0,0.0,21.7,13.0,342.0,0.624986776,18.135592,43.975461,62.5,637.5,1.174072,-1
5/20/13,2013.0,BCSE_KBS,Building,R1,May,Corn,Annual,1.758231667,170.0,0.0,0.0,24.1,14.0,343.0,0.621221374,17.944157,45.262766,62.5,637.5,1.174072,-1
5/21/13,2013.0,BCSE_KBS,Building,R1,May,Corn,Annual,5.824126228,170.0,0.25,0.25,21.9,15.0,344.0,0.690415239,18.775135,45.107604,62.5,637.5,1.174072,-1
6/5/13,2013.0,BCSE_KBS,Building,R1,June,Corn,Annual,3.886956112,170.0,0.0,11.68,16.5,30.0,359.0,0.668909046,13.279843,36.972971,62.5,637.5,1.174072,-1
6/6/13,2013.0,BCSE_KBS,Building,R1,June,Corn,Annual,7.172206879,170.0,0.0,7.62,15.3,31.0,360.0,0.654176541,13.037974,36.861673,62.5,637.5,1.174072,-1
6/7/13,2013.0,BCSE_KBS,Building,R1,June,Corn,Annual,3.055358979,170.0,0.0,7.62,14.7,32.0,361.0,0.648932028,12.121101,34.956386,62.5,637.5,1.174072,-1
6/8/13,2013.0,BCSE_KBS,Building,R1,June,Corn,Annual,1.931364158,170.0,0.0,4.83,16.3,33.0,362.0,0.637953878,11.601204,34.075467,62.5,637.5,1.174072,-1
6/9/13,2013.0,BCSE_KBS,Building,R1,June,Corn,Annual,1.054179035,170.0,0.0,1.27,19.9,34.0,363.0,0.631537263,10.980224,32.862164,62.5,637.5,1.174072,-1
6/10/13,2013.0,BCSE_KBS,Building,R1,June,Corn,Annual,3.199359691,170.0,0.0,0.0,19.0,35.0,364.0,0.651002367,10.87161,31.852549,62.5,637.5,1.174072,-1
7/5/13,2013.0,BCSE_KBS,Building,R1,July,Corn,Annual,22.31387373,170.0,0.0,13.2,22.4,60.0,23.0,0.631907015,23.657563,42.951425,62.5,637.5,1.174072,-1
7/6/13,2013.0,BCSE_KBS,Building,R1,July,Corn,Annual,19.03504958,170.0,0.0,13.2,23.5,61.0,24.0,0.596793902,23.507355,44.425864,62.5,637.5,1.174072,-1
7/7/13,2013.0,BCSE_KBS,Building,R1,July,Corn,Annual,15.69042234,170.0,0.0,13.2,23.6,62.0,25.0,0.578104213,22.934726,46.103805,62.5,637.5,1.174072,-1
7/8/13,2013.0,BCSE_KBS,Building,R1,July,Corn,Annual,15.29364267,170.0,0.0,10.41,23.3,63.0,26.0,0.558912279,22.548709,47.481698,62.5,637.5,1.174072,-1
7/9/13,2013.0,BCSE_KBS,Building,R1,July,Corn,Annual,14.85309142,170.0,0.0,10.41,23.5,64.0,27.0,0.551991347,21.820771,49.196689,62.5,637.5,1.174072,-1
7/10/13,2013.0,BCSE_KBS,Building,R1,July,Corn,Annual,13.12900042,170.0,0.25,0.25,24.6,65.0,28.0,0.551868524,21.298262,50.585638,62.5,637.5,1.174072,-1
7/14/13,2013.0,BCSE_KBS,Building,R1,July,Corn,Annual,4.420680479,170.0,0.0,0.25,25.0,69.0,32.0,0.461232732,17.288517,45.224932,62.5,637.5,1.174072,-1
7/15/13,2013.0,BCSE_KBS,Building,R1,July,Corn,Annual,3.737267631,170.0,0.0,0.25,26.3,70.0,33.0,0.436150549,16.123567,44.320147,62.5,637.5,1.174072,-1
7/16/13,2013.0,BCSE_KBS,Building,R1,July,Corn,Annual,3.569423022,170.0,0.0,0.25,27.7,71.0,34.0,0.415373254,15.072019,43.83074,62.5,637.5,1.174072,-1
7/17/13,2013.0,BCSE_KBS,Building,R1,July,Corn,Annual,2.709625836,170.0,0.0,0.0,27.8,72.0,35.0,0.400452419,14.157563,43.627556,62.5,637.5,1.174072,-1
7/18/13,2013.0,BCSE_KBS,Building,R1,July,Corn,Annual,2.388196195,170.0,0.0,0.0,27.8,73.0,36.0,0.390856105,13.359953,43.616534,62.5,637.5,1.174072,-1
7/19/13,2013.0,BCSE_KBS,Building,R1,July,Corn,Annual,2.451725013,170.0,0.0,0.0,29.3,74.0,37.0,0.388779549,13.994863,42.677677,62.5,637.5,1.174072,-1
7/31/13,2013.0,BCSE_KBS,Building,R1,July,Corn,Annual,1.301779364,170.0,0.0,12.7,18.9,86.0,49.0,0.585493842,3.799876,16.461194,62.5,637.5,1.174072,-1
8/3/13,2013.0,BCSE_KBS,Building,R1,August,Corn,Annual,1.437807567,170.0,4.32,25.15,19.5,89.0,52.0,0.574517764,3.185647,15.175118,62.5,637.5,1.174072,-1
8/4/13,2013.0,BCSE_KBS,Building,R1,August,Corn,Annual,0.417465627,170.0,4.32,25.15,17.1,90.0,53.0,0.53493802,2.971846,14.901339,62.5,637.5,1.174072,-1
8/5/13,2013.0,BCSE_KBS,Building,R1,August,Corn,Annual,0.345763458,170.0,0.0,13.72,15.6,91.0,54.0,0.525299287,2.747444,14.654103,62.5,637.5,1.174072,-1
8/6/13,2013.0,BCSE_KBS,Building,R1,August,Corn,Annual,1.018219144,170.0,0.0,13.72,20.3,92.0,55.0,0.518138628,2.646752,14.427658,62.5,637.5,1.174072,-1
8/7/13,2013.0,BCSE_KBS,Building,R1,August,Corn,Annual,0.438390285,170.0,3.05,16.77,21.3,93.0,56.0,0.610192902,2.614224,14.184788,62.5,637.5,1.174072,-1
8/10/13,2013.0,BCSE_KBS,Building,R1,August,Corn,Annual,0.0,170.0,0.0,39.63,20.3,96.0,59.0,0.629593198,2.424203,13.775457,62.5,637.5,1.174072,-1
8/11/13,2013.0,BCSE_KBS,Building,R1,August,Corn,Annual,0.0,170.0,0.0,39.63,19.2,97.0,60.0,0.590524972,2.322966,13.68937,62.5,637.5,1.174072,-1
8/15/13,2013.0,BCSE_KBS,Building,R1,August,Corn,Annual,0.0,170.0,0.0,49.27,15.2,101.0,64.0,0.650939624,2.052208,13.329725,62.5,637.5,1.174072,-1
8/16/13,2013.0,BCSE_KBS,Building,R1,August,Corn,Annual,0.954472632,170.0,0.0,49.27,17.5,102.0,65.0,0.624841952,2.010099,13.296367,62.5,637.5,1.174072,-1
8/17/13,2013.0,BCSE_KBS,Building,R1,August,Corn,Annual,0.496536791,170.0,0.0,49.27,18.3,103.0,66.0,0.606993234,1.970296,13.275915,62.5,637.5,1.174072,-1
8/18/13,2013.0,BCSE_KBS,Building,R1,August,Corn,Annual,0.897694853,170.0,0.0,49.27,19.1,104.0,67.0,0.587365991,1.951634,13.249357,62.5,637.5,1.174072,-1
8/19/13,2013.0,BCSE_KBS,Building,R1,August,Corn,Annual,0.532784281,170.0,0.0,49.27,19.9,105.0,68.0,0.57340545,1.918175,13.221822,62.5,637.5,1.174072,-1
8/20/13,2013.0,BCSE_KBS,Building,R1,August,Corn,Annual,0.304002133,170.0,0.0,0.0,21.2,106.0,69.0,0.560248638,1.894229,13.199682,62.5,637.5,1.174072,-1
8/21/13,2013.0,BCSE_KBS,Building,R1,August,Corn,Annual,0.361610641,170.0,0.0,0.0,22.9,107.0,70.0,0.543233294,1.929655,13.199651,62.5,637.5,1.174072,-1
8/22/13,2013.0,BCSE_KBS,Building,R1,August,Corn,Annual,1.193686931,170.0,0.0,0.0,20.9,108.0,71.0,0.53452279,2.124021,13.156113,62.5,637.5,1.174072,-1
8/26/13,2013.0,BCSE_KBS,Building,R1,August,Corn,Annual,0.0,170.0,0.0,19.81,24.1,112.0,75.0,0.568020848,2.007998,13.051483,62.5,637.5,1.174072,-1
8/27/13,2013.0,BCSE_KBS,Building,R1,August,Corn,Annual,0.0,170.0,0.0,19.81,26.6,113.0,76.0,0.553189691,2.028621,13.057522,62.5,637.5,1.174072,-1
8/28/13,2013.0,BCSE_KBS,Building,R1,August,Corn,Annual,0.793937519,170.0,0.76,20.57,24.1,114.0,77.0,0.580153835,2.101439,13.051756,62.5,637.5,1.174072,-1
8/29/13,2013.0,BCSE_KBS,Building,R1,August,Corn,Annual,0.0,170.0,4.06,23.87,23.3,115.0,78.0,0.569672404,2.079089,13.049871,62.5,637.5,1.174072,-1
8/30/13,2013.0,BCSE_KBS,Building,R1,August,Corn,Annual,0.0,170.0,3.3,4.06,24.5,116.0,79.0,0.546052807,2.065633,13.053318,62.5,637.5,1.174072,-1
8/31/13,2013.0,BCSE_KBS,Building,R1,August,Corn,Annual,-0.481876583,170.0,0.0,4.06,22.6,117.0,80.0,0.529149237,2.027484,13.040112,62.5,637.5,1.174072,-1
9/1/13,2013.0,BCSE_KBS,Building,R1,September,Corn,Annual,0.0,170.0,0.0,4.06,23.0,118.0,81.0,0.518764388,2.014887,13.035356,62.5,637.5,1.174072,-1
9/2/13,2013.0,BCSE_KBS,Building,R1,September,Corn,Annual,0.0,170.0,0.0,4.06,19.5,119.0,82.0,0.507594455,2.215655,13.105082,62.5,637.5,1.174072,-1
9/3/13,2013.0,BCSE_KBS,Building,R1,September,Corn,Annual,0.333151502,170.0,0.0,4.06,17.3,120.0,83.0,0.490984774,2.395569,13.176836,62.5,637.5,1.174072,-1
9/4/13,2013.0,BCSE_KBS,Building,R1,September,Corn,Annual,0.0,170.0,0.0,3.3,18.7,121.0,84.0,0.484845474,2.569911,13.258362,62.5,637.5,1.174072,-1
9/5/13,2013.0,BCSE_KBS,Building,R1,September,Corn,Annual,0.0,170.0,0.0,0.0,17.0,122.0,85.0,0.474858691,2.723073,13.334837,62.5,637.5,1.174072,-1
9/6/13,2013.0,BCSE_KBS,Building,R1,September,Corn,Annual,0.0,170.0,0.0,0.0,16.5,123.0,86.0,0.469269926,2.87271,13.419737,62.5,637.5,1.174072,-1
9/7/13,2013.0,BCSE_KBS,Building,R1,September,Corn,Annual,0.0,170.0,0.0,0.0,21.0,124.0,87.0,0.460019937,3.030438,13.526734,62.5,637.5,1.174072,-1
9/8/13,2013.0,BCSE_KBS,Building,R1,September,Corn,Annual,0.0,170.0,0.0,0.0,20.6,125.0,88.0,0.458337994,3.177615,13.634366,62.5,637.5,1.174072,-1
9/9/13,2013.0,BCSE_KBS,Building,R1,September,Corn,Annual,0.0,170.0,0.0,0.0,20.8,126.0,89.0,0.500144345,3.371181,13.711105,62.5,637.5,1.174072,-1
9/12/13,2013.0,BCSE_KBS,Building,R1,September,Corn,Annual,0.0,170.0,0.0,8.64,20.3,129.0,92.0,0.503299181,3.906009,14.166299,62.5,637.5,1.174072,-1
9/13/13,2013.0,BCSE_KBS,Building,R1,September,Corn,Annual,0.0,170.0,0.0,8.64,11.8,130.0,93.0,0.482440498,4.002364,14.252209,62.5,637.5,1.174072,-1
9/14/13,2013.0,BCSE_KBS,Building,R1,September,Corn,Annual,-0.683827432,170.0,0.0,8.64,11.2,131.0,94.0,0.4727552,4.092531,14.342753,62.5,637.5,1.174072,-1
9/15/13,2013.0,BCSE_KBS,Building,R1,September,Corn,Annual,0.885735042,170.0,0.0,8.64,11.6,132.0,95.0,0.470183996,4.182362,14.408804,62.5,637.5,1.174072,-1
9/16/13,2013.0,BCSE_KBS,Building,R1,September,Corn,Annual,0.278097339,170.0,4.32,12.96,12.8,133.0,96.0,0.489643577,4.262468,14.48907,62.5,637.5,1.174072,-1
9/17/13,2013.0,BCSE_KBS,Building,R1,September,Corn,Annual,0.377539187,170.0,4.32,4.32,11.7,134.0,97.0,0.482321127,4.337239,14.575125,62.5,637.5,1.174072,-1
9/18/13,2013.0,BCSE_KBS,Building,R1,September,Corn,Annual,0.0,170.0,0.0,4.32,16.8,135.0,98.0,0.465521735,4.419228,14.693321,62.5,637.5,1.174072,-1
9/19/13,2013.0,BCSE_KBS,Building,R1,September,Corn,Annual,0.309563152,170.0,0.0,4.32,18.6,136.0,99.0,0.467102952,4.512821,14.805273,62.5,637.5,1.174072,-1
9/20/13,2013.0,BCSE_KBS,Building,R1,September,Corn,Annual,0.0,170.0,2.29,6.61,21.1,137.0,100.0,0.473327784,4.605219,14.926775,62.5,637.5,1.174072,-1
9/21/13,2013.0,BCSE_KBS,Building,R1,September,Corn,Annual,0.0,170.0,3.31,7.63,15.5,138.0,101.0,0.470566869,4.676988,15.037701,62.5,637.5,1.174072,-1
9/22/13,2013.0,BCSE_KBS,Building,R1,September,Corn,Annual,0.0,170.0,1.02,7.63,10.8,139.0,102.0,0.461674252,4.73614,15.118233,62.5,637.5,1.174072,-1
9/23/13,2013.0,BCSE_KBS,Building,R1,September,Corn,Annual,0.714402834,170.0,0.0,3.31,9.4,140.0,103.0,0.454854046,4.79304,15.204239,62.5,637.5,1.174072,-1
9/27/13,2013.0,BCSE_KBS,Building,R1,September,Corn,Annual,0.0,170.0,0.0,1.02,15.6,144.0,107.0,0.432510728,5.01547,15.658539,62.5,637.5,1.174072,-1
9/28/13,2013.0,BCSE_KBS,Building,R1,September,Corn,Annual,0.793630081,170.0,0.0,0.0,17.5,145.0,108.0,0.430628027,5.067571,15.801108,62.5,637.5,1.174072,-1
9/29/13,2013.0,BCSE_KBS,Building,R1,September,Corn,Annual,0.0,170.0,0.0,0.0,16.5,146.0,109.0,0.447817888,5.127319,15.914857,62.5,637.5,1.174072,-1
9/30/13,2013.0,BCSE_KBS,Building,R1,September,Corn,Annual,0.519745214,170.0,3.05,3.05,13.5,147.0,110.0,0.443769646,5.177534,16.03509,62.5,637.5,1.174072,-1
10/1/13,2013.0,BCSE_KBS,Building,R1,October,Corn,Annual,0.613138361,170.0,3.05,3.05,16.7,148.0,111.0,0.437734524,5.224403,16.159297,62.5,637.5,1.174072,-1
10/2/13,2013.0,BCSE_KBS,Building,R1,October,Corn,Annual,0.0,170.0,0.0,3.05,19.3,149.0,112.0,0.435956001,5.269669,16.318672,62.5,637.5,1.174072,-1
10/3/13,2013.0,BCSE_KBS,Building,R1,October,Corn,Annual,0.0,170.0,0.0,3.05,17.3,150.0,113.0,0.433686282,5.313586,16.460049,62.5,637.5,1.174072,-1
10/4/13,2013.0,BCSE_KBS,Building,R1,October,Corn,Annual,0.0,170.0,0.0,3.05,21.1,151.0,114.0,0.490427968,5.409627,16.581586,62.5,637.5,1.174072,-1
10/15/13,2013.0,BCSE_KBS,Building,R1,October,Corn,Annual,0.561939397,170.0,0.0,4.32,11.0,162.0,125.0,0.549797486,6.2551,17.431612,62.5,637.5,1.174072,-1
10/16/13,2013.0,BCSE_KBS,Building,R1,October,Corn,Annual,-0.59743737,170.0,3.81,8.13,10.8,163.0,126.0,0.575586076,6.31679,17.505761,62.5,637.5,1.174072,-1
10/17/13,2013.0,BCSE_KBS,Building,R1,October,Corn,Annual,-1.576961063,170.0,4.06,8.38,9.3,164.0,127.0,0.582216571,6.375073,17.557096,62.5,637.5,1.174072,-1
10/18/13,2013.0,BCSE_KBS,Building,R1,October,Corn,Annual,-0.583683368,170.0,4.06,12.19,8.4,165.0,128.0,0.594673832,6.425986,17.617861,62.5,637.5,1.174072,-1
10/19/13,2013.0,BCSE_KBS,Building,R1,October,Corn,Annual,1.245672151,170.0,4.06,12.44,6.7,166.0,129.0,0.593207842,6.483862,17.660036,62.5,637.5,1.174072,-1
10/20/13,2013.0,BCSE_KBS,Building,R1,October,Corn,Annual,-0.589717293,170.0,5.08,12.95,8.9,167.0,130.0,0.611625741,6.540439,17.707493,62.5,637.5,1.174072,-1
10/21/13,2013.0,BCSE_KBS,Building,R1,October,Corn,Annual,1.14386408,170.0,5.34,13.46,9.2,168.0,131.0,0.622795674,6.609089,17.738803,62.5,637.5,1.174072,-1
10/22/13,2013.0,BCSE_KBS,Building,R1,October,Corn,Annual,0.772562247,170.0,6.35,19.3,4.9,169.0,132.0,0.620236211,6.664445,17.772821,62.5,637.5,1.174072,-1
10/24/13,2013.0,BCSE_KBS,Building,R1,October,Corn,Annual,-1.949382949,170.0,2.03,17.27,2.3,171.0,134.0,0.632280906,6.766399,17.831679,62.5,637.5,1.174072,-1
10/28/13,2013.0,BCSE_KBS,Building,R1,October,Corn,Annual,0.0,170.0,0.0,9.9,5.1,175.0,138.0,0.626726624,6.926487,18.007295,62.5,637.5,1.174072,-1
10/29/13,2013.0,BCSE_KBS,Building,R1,October,Corn,Annual,-0.920145038,170.0,0.0,4.06,6.2,176.0,139.0,0.621437618,6.955457,18.065947,62.5,637.5,1.174072,-1
11/14/13,2013.0,BCSE_KBS,Building,R1,November,Corn,Annual,-1.393029927,170.0,0.25,11.69,4.0,192.0,155.0,0.714289709,8.016742,18.298055,62.5,637.5,1.174072,-1
11/15/13,2013.0,BCSE_KBS,Building,R1,November,Corn,Annual,-1.674925657,170.0,0.0,8.13,5.6,193.0,156.0,0.710137288,8.036332,18.353286,62.5,637.5,1.174072,-1
11/16/13,2013.0,BCSE_KBS,Building,R1,November,Corn,Annual,-1.439389513,170.0,0.0,6.35,8.5,194.0,157.0,0.709437737,8.065922,18.405511,62.5,637.5,1.174072,-1
11/27/13,2013.0,BCSE_KBS,Building,R1,November,Corn,Annual,2.534468698,170.0,0.0,5.08,-4.6,205.0,168.0,0.58992684,8.562505,18.583734,62.5,637.5,1.174072,-1
12/2/13,2013.0,BCSE_KBS,Building,R1,December,Corn,Annual,2.539873904,170.0,0.0,0.51,0.1,210.0,173.0,0.684395606,8.615585,18.798273,62.5,637.5,1.174072,-1
12/3/13,2013.0,BCSE_KBS,Building,R1,December,Corn,Annual,2.49549488,170.0,0.0,0.51,2.0,211.0,174.0,0.690847438,8.62599,18.848033,62.5,637.5,1.174072,-1
12/4/13,2013.0,BCSE_KBS,Building,R1,December,Corn,Annual,3.484274593,170.0,2.29,2.8,8.2,212.0,175.0,0.690847438,8.625477,18.928489,62.5,637.5,1.174072,-1
12/5/13,2013.0,BCSE_KBS,Building,R1,December,Corn,Annual,0.0,170.0,2.29,2.8,3.0,213.0,176.0,0.690847438,8.629403,18.997692,62.5,637.5,1.174072,-1
12/6/13,2013.0,BCSE_KBS,Building,R1,December,Corn,Annual,2.185089819,170.0,0.0,2.29,-4.5,214.0,177.0,0.690847438,8.639714,19.038072,62.5,637.5,1.174072,-1
12/7/13,2013.0,BCSE_KBS,Building,R1,December,Corn,Annual,-1.562562091,170.0,0.0,2.29,-7.8,215.0,178.0,0.690847438,8.650249,19.068636,62.5,637.5,1.174072,-1
12/8/13,2013.0,BCSE_KBS,Building,R1,December,Corn,Annual,-0.620396766,170.0,0.25,2.54,-8.2,216.0,179.0,0.690847438,8.66016,19.096636,62.5,637.5,1.174072,-1
12/9/13,2013.0,BCSE_KBS,Building,R1,December,Corn,Annual,5.001702579,170.0,3.55,5.84,-4.7,217.0,180.0,0.690847438,8.669129,19.126762,62.5,637.5,1.174072,-1
12/10/13,2013.0,BCSE_KBS,Building,R1,December,Corn,Annual,3.594356903,170.0,4.57,7.11,-9.4,218.0,181.0,0.690847438,8.678444,19.151586,62.5,637.5,1.174072,-1
12/11/13,2013.0,BCSE_KBS,Building,R1,December,Corn,Annual,-0.787404801,170.0,1.52,5.07,-8.6,219.0,182.0,0.690847438,8.687085,19.177257,62.5,637.5,1.174072,-1
12/12/13,2013.0,BCSE_KBS,Building,R1,December,Corn,Annual,6.681300989,170.0,3.81,8.63,-10.8,220.0,183.0,0.690847438,8.695779,19.200572,62.5,637.5,1.174072,-1
12/13/13,2013.0,BCSE_KBS,Building,R1,December,Corn,Annual,5.382587633,170.0,3.56,8.63,-5.4,221.0,184.0,0.690847438,8.702854,19.231364,62.5,637.5,1.174072,-1
12/14/13,2013.0,BCSE_KBS,Building,R1,December,Corn,Annual,8.62697655,170.0,0.0,8.63,-6.9,222.0,185.0,0.690847438,8.710541,19.259301,62.5,637.5,1.174072,-1
12/15/13,2013.0,BCSE_KBS,Building,R1,December,Corn,Annual,0.630003133,170.0,7.37,15.75,-7.1,223.0,186.0,0.690847438,8.717887,19.287655,62.5,637.5,1.174072,-1
12/16/13,2013.0,BCSE_KBS,Building,R1,December,Corn,Annual,1.317069099,170.0,8.13,13.21,-10.3,224.0,187.0,0.690847438,8.725514,19.312938,62.5,637.5,1.174072,-1
12/17/13,2013.0,BCSE_KBS,Building,R1,December,Corn,Annual,-0.420805952,170.0,2.54,13.72,-5.1,225.0,188.0,0.690847438,8.731963,19.341928,62.5,637.5,1.174072,-1
12/18/13,2013.0,BCSE_KBS,Building,R1,December,Corn,Annual,-1.612939234,170.0,3.3,14.99,-3.0,226.0,189.0,0.690847438,8.737318,19.374715,62.5,637.5,1.174072,-1
12/19/13,2013.0,BCSE_KBS,Building,R1,December,Corn,Annual,2.01649188,170.0,1.52,11.43,2.0,227.0,190.0,0.690847438,8.744814,19.41449,62.5,637.5,1.174072,-1
12/20/13,2013.0,BCSE_KBS,Building,R1,December,Corn,Annual,-1.07655659,170.0,0.0,11.43,0.4,228.0,191.0,0.690847438,8.779712,19.43068,62.5,637.5,1.174072,-1
12/29/13,2013.0,BCSE_KBS,Building,R1,December,Corn,Annual,-0.261482944,170.0,0.25,22.59,0.2,237.0,200.0,0.690847438,9.085803,19.528094,62.5,637.5,1.174072,-1
12/30/13,2013.0,BCSE_KBS,Building,R1,December,Corn,Annual,0.0,170.0,0.25,4.05,-8.5,238.0,201.0,0.690847438,9.109921,19.541743,62.5,637.5,1.174072,-1
12/31/13,2013.0,BCSE_KBS,Building,R1,December,Corn,Annual,-2.054733493,170.0,0.0,3.8,-9.8,239.0,202.0,0.690847438,9.129983,19.555396,62.5,637.5,1.174072,-1
1/2/14,2014.0,BCSE_KBS,Building,R1,January,Corn,Annual,-1.243919859,170.0,7.62,9.14,-12.3,241.0,204.0,0.675251892,9.161162,19.579896,62.5,637.5,1.174072,-1
1/4/14,2014.0,BCSE_KBS,Building,R1,January,Corn,Annual,-0.598946397,170.0,1.78,9.65,-4.9,243.0,206.0,0.650071048,9.184461,19.61086,62.5,637.5,1.174072,-1
1/5/14,2014.0,BCSE_KBS,Building,R1,January,Corn,Annual,7.000081558,170.0,3.81,13.21,-4.2,244.0,207.0,0.660171337,9.195232,19.634676,62.5,637.5,1.174072,-1
1/18/14,2014.0,BCSE_KBS,Building,R1,January,Corn,Annual,-1.12089104,170.0,3.04,8.88,-9.1,257.0,220.0,0.692238922,9.509513,19.804065,62.5,637.5,1.174072,-1
3/10/14,2014.0,BCSE_KBS,Building,R1,March,Corn,Annual,-0.604132743,170.0,0.51,0.76,5.6,308.0,271.0,0.625475962,10.070606,20.827658,62.5,637.5,1.174072,-1
3/11/14,2014.0,BCSE_KBS,Building,R1,March,Corn,Annual,1.733866371,170.0,0.0,0.76,5.4,309.0,272.0,0.661071101,10.117225,20.843957,62.5,637.5,1.174072,-1
3/12/14,2014.0,BCSE_KBS,Building,R1,March,Corn,Annual,0.0,170.0,3.3,4.06,-2.5,310.0,273.0,0.686125194,10.159741,20.844862,62.5,637.5,1.174072,-1
3/17/14,2014.0,BCSE_KBS,Building,R1,March,Corn,Annual,0.0,170.0,0.0,22.35,-7.6,315.0,278.0,0.688406009,10.27069,20.938442,62.5,637.5,1.174072,-1
3/21/14,2014.0,BCSE_KBS,Building,R1,March,Corn,Annual,3.674829483,170.0,9.65,9.65,-0.1,319.0,282.0,0.730842864,10.335156,21.072604,62.5,637.5,1.174072,-1
3/22/14,2014.0,BCSE_KBS,Building,R1,March,Corn,Annual,-0.49987893,170.0,6.35,14.48,1.5,320.0,283.0,0.710893138,10.351476,21.106645,62.5,637.5,1.174072,-1
3/23/14,2014.0,BCSE_KBS,Building,R1,March,Corn,Annual,0.304618964,170.0,5.85,15.5,-6.5,321.0,284.0,0.690005123,10.362278,21.134962,62.5,637.5,1.174072,-1
3/24/14,2014.0,BCSE_KBS,Building,R1,March,Corn,Annual,0.958483372,170.0,1.02,15.5,-6.8,322.0,285.0,0.675457868,10.37017,21.163947,62.5,637.5,1.174072,-1
3/25/14,2014.0,BCSE_KBS,Building,R1,March,Corn,Annual,-1.410468042,170.0,0.0,15.5,-5.4,323.0,286.0,0.671085248,10.376192,21.194509,62.5,637.5,1.174072,-1
3/26/14,2014.0,BCSE_KBS,Building,R1,March,Corn,Annual,0.690954274,170.0,0.25,15.75,-6.2,324.0,287.0,0.658523034,10.380656,21.226819,62.5,637.5,1.174072,-1
3/27/14,2014.0,BCSE_KBS,Building,R1,March,Corn,Annual,0.786303966,170.0,0.25,7.62,1.9,325.0,288.0,0.655325094,10.389257,21.27024,62.5,637.5,1.174072,-1
3/28/14,2014.0,BCSE_KBS,Building,R1,March,Corn,Annual,1.351103845,170.0,4.57,10.67,4.1,326.0,289.0,0.672415639,10.392893,21.324995,62.5,637.5,1.174072,-1
3/29/14,2014.0,BCSE_KBS,Building,R1,March,Corn,Annual,1.216338973,170.0,5.59,6.86,1.0,327.0,290.0,0.723801182,10.354791,21.356173,62.5,637.5,1.174072,-1
3/30/14,2014.0,BCSE_KBS,Building,R1,March,Corn,Annual,5.891880114,170.0,1.27,6.09,2.5,328.0,291.0,0.69828338,10.348248,21.425554,62.5,637.5,1.174072,-1
3/31/14,2014.0,BCSE_KBS,Building,R1,March,Corn,Annual,25.05031951,170.0,0.25,6.09,8.3,329.0,292.0,0.688770933,10.333802,21.512805,62.5,637.5,1.174072,-1
4/1/14,2014.0,BCSE_KBS,Building,R1,April,Corn,Annual,66.06556717,170.0,0.0,6.09,7.0,330.0,293.0,0.675242938,10.334187,21.582975,62.5,637.5,1.174072,-1
4/2/14,2014.0,BCSE_KBS,Building,R1,April,Corn,Annual,71.85948137,170.0,3.56,9.4,4.9,331.0,294.0,0.668568296,10.269259,21.63857,62.5,637.5,1.174072,-1
4/3/14,2014.0,BCSE_KBS,Building,R1,April,Corn,Annual,42.03217918,170.0,3.56,9.4,3.3,332.0,295.0,0.696668832,10.307904,21.662354,62.5,637.5,1.174072,-1
4/7/14,2014.0,BCSE_KBS,Building,R1,April,Corn,Annual,3.080220514,170.0,0.0,23.12,5.6,336.0,299.0,0.66238197,10.350284,21.80285,62.5,637.5,1.174072,-1
4/8/14,2014.0,BCSE_KBS,Building,R1,April,Corn,Annual,3.34723454,170.0,0.0,23.12,7.6,337.0,300.0,0.667903226,10.347379,21.884847,62.5,637.5,1.174072,-1
4/9/14,2014.0,BCSE_KBS,Building,R1,April,Corn,Annual,2.110474201,170.0,0.0,19.56,8.0,338.0,301.0,0.658089205,10.277449,21.947098,62.5,637.5,1.174072,-1
4/10/14,2014.0,BCSE_KBS,Building,R1,April,Corn,Annual,3.898105286,170.0,0.0,19.56,12.2,339.0,302.0,0.647482427,10.260911,22.05773,62.5,637.5,1.174072,-1
4/11/14,2014.0,BCSE_KBS,Building,R1,April,Corn,Annual,1.324168729,170.0,0.0,6.35,9.7,340.0,303.0,0.641565006,10.242889,22.171745,62.5,637.5,1.174072,-1
4/12/14,2014.0,BCSE_KBS,Building,R1,April,Corn,Annual,2.833946682,170.0,0.76,0.76,13.7,341.0,304.0,0.633285452,10.216401,22.306353,62.5,637.5,1.174072,-1
4/17/14,2014.0,BCSE_KBS,Building,R1,April,Corn,Annual,2.140124953,170.0,1.27,21.83,8.7,346.0,309.0,0.647911854,10.118525,22.409554,62.5,637.5,1.174072,-1
4/18/14,2014.0,BCSE_KBS,Building,R1,April,Corn,Annual,1.888597203,170.0,0.0,21.83,10.3,347.0,310.0,0.637727633,10.124376,22.504263,62.5,637.5,1.174072,-1
4/19/14,2014.0,BCSE_KBS,Building,R1,April,Corn,Annual,0.0,170.0,0.51,21.58,8.1,348.0,311.0,0.634133329,10.125344,22.60375,62.5,637.5,1.174072,-1
4/20/14,2014.0,BCSE_KBS,Building,R1,April,Corn,Annual,-1.030858202,170.0,0.51,21.33,12.7,349.0,312.0,0.622681236,10.025593,22.703285,62.5,637.5,1.174072,-1
4/21/14,2014.0,BCSE_KBS,Building,R1,April,Corn,Annual,0.982239025,170.0,0.0,13.46,16.8,350.0,313.0,0.615222586,9.917311,22.719365,62.5,637.5,1.174072,-1
4/23/14,2014.0,BCSE_KBS,Building,R1,April,Corn,Annual,2.201369163,170.0,5.59,6.1,6.1,352.0,315.0,0.617830624,9.86226,22.874886,62.5,637.5,1.174072,-1
4/24/14,2014.0,BCSE_KBS,Building,R1,April,Corn,Annual,2.965320363,170.0,0.0,6.1,9.4,353.0,316.0,0.610519223,9.866046,22.977496,62.5,637.5,1.174072,-1
4/25/14,2014.0,BCSE_KBS,Building,R1,April,Corn,Annual,0.0,170.0,0.0,6.1,8.5,354.0,317.0,0.635407163,9.906862,23.035846,62.5,637.5,1.174072,-1
4/28/14,2014.0,BCSE_KBS,Building,R1,April,Corn,Annual,2.194526296,170.0,0.0,13.46,9.0,357.0,320.0,0.614280844,9.767158,23.243241,62.5,637.5,1.174072,-1
4/29/14,2014.0,BCSE_KBS,Building,R1,April,Corn,Annual,3.129604018,170.0,0.51,8.38,13.4,358.0,321.0,0.642409175,9.830504,23.306869,62.5,637.5,1.174072,-1
5/7/14,2014.0,BCSE_KBS,Building,R1,May,Corn,Annual,2.413833727,170.0,0.25,9.4,12.7,366.0,329.0,0.648576804,9.700549,23.718494,62.5,637.5,1.174072,-1
5/10/14,2014.0,BCSE_KBS,Building,R1,May,Corn,Annual,3.661879374,170.0,0.5,1.77,14.8,369.0,332.0,0.63519986,10.624514,25.334023,62.5,637.5,1.174072,-1
5/24/14,2014.0,BCSE_KBS,Building,R1,May,Corn,Annual,0.609014662,170.0,0.0,11.43,16.6,14.0,346.0,0.662641447,19.50777,34.503113,62.5,637.5,1.174072,-1
5/25/14,2014.0,BCSE_KBS,Building,R1,May,Corn,Annual,1.185568,170.0,0.0,11.43,19.0,15.0,347.0,0.643352884,19.117986,35.115609,62.5,637.5,1.174072,-1
5/26/14,2014.0,BCSE_KBS,Building,R1,May,Corn,Annual,0.0,170.0,0.0,11.43,20.8,16.0,348.0,0.647570216,19.445173,34.631846,62.5,637.5,1.174072,-1
7/20/14,2014.0,BCSE_KBS,Building,R1,July,Corn,Annual,-0.359664271,170.0,0.0,11.68,21.0,71.0,32.0,0.572418819,6.898738,19.985795,62.5,637.5,1.174072,-1
7/21/14,2014.0,BCSE_KBS,Building,R1,July,Corn,Annual,0.252166657,170.0,0.0,2.54,22.1,72.0,33.0,0.56364626,5.699028,19.096627,62.5,637.5,1.174072,-1
7/22/14,2014.0,BCSE_KBS,Building,R1,July,Corn,Annual,0.206888277,170.0,0.0,1.27,23.3,73.0,34.0,0.531220601,5.507912,18.770025,62.5,637.5,1.174072,-1
7/23/14,2014.0,BCSE_KBS,Building,R1,July,Corn,Annual,0.0,170.0,0.0,0.0,20.4,74.0,35.0,0.514144166,5.482529,18.493786,62.5,637.5,1.174072,-1
7/24/14,2014.0,BCSE_KBS,Building,R1,July,Corn,Annual,-1.370321326,170.0,0.76,0.76,17.9,75.0,36.0,0.489487057,4.700849,17.833544,62.5,637.5,1.174072,-1
7/25/14,2014.0,BCSE_KBS,Building,R1,July,Corn,Annual,-1.940517718,170.0,0.76,0.76,16.6,76.0,37.0,0.474260325,4.179188,17.320979,62.5,637.5,1.174072,-1
7/26/14,2014.0,BCSE_KBS,Building,R1,July,Corn,Annual,-1.378295145,170.0,0.0,0.76,19.9,77.0,38.0,0.469281927,4.197632,17.114098,62.5,637.5,1.174072,-1
8/5/14,2014.0,BCSE_KBS,Building,R1,August,Corn,Annual,-1.348406667,170.0,0.0,0.25,20.8,87.0,48.0,0.402357217,2.860033,15.237825,62.5,637.5,1.174072,-1
8/6/14,2014.0,BCSE_KBS,Building,R1,August,Corn,Annual,-2.436509605,170.0,0.76,1.01,19.7,88.0,49.0,0.407153944,2.637696,15.117411,62.5,637.5,1.174072,-1
8/7/14,2014.0,BCSE_KBS,Building,R1,August,Corn,Annual,-0.831463003,170.0,0.76,1.01,19.0,89.0,50.0,0.401680552,2.463194,15.003806,62.5,637.5,1.174072,-1
8/8/14,2014.0,BCSE_KBS,Building,R1,August,Corn,Annual,-3.488689459,170.0,0.0,1.01,20.1,90.0,51.0,0.383715112,2.557527,14.940563,62.5,637.5,1.174072,-1
8/9/14,2014.0,BCSE_KBS,Building,R1,August,Corn,Annual,-2.209189222,170.0,0.51,1.27,19.8,91.0,52.0,0.378674562,2.433817,14.854448,62.5,637.5,1.174072,-1
8/10/14,2014.0,BCSE_KBS,Building,R1,August,Corn,Annual,-2.927890409,170.0,0.51,1.27,21.4,92.0,53.0,0.36443248,2.46757,14.804479,62.5,637.5,1.174072,-1
8/11/14,2014.0,BCSE_KBS,Building,R1,August,Corn,Annual,-2.506720697,170.0,0.0,1.27,21.4,93.0,54.0,0.361661744,2.599863,14.770752,62.5,637.5,1.174072,-1
8/12/14,2014.0,BCSE_KBS,Building,R1,August,Corn,Annual,-0.80134894,170.0,1.27,2.54,17.5,94.0,55.0,0.356913068,2.579702,14.719329,62.5,637.5,1.174072,-1
8/13/14,2014.0,BCSE_KBS,Building,R1,August,Corn,Annual,-1.657396395,170.0,2.29,2.8,18.0,95.0,56.0,0.354294955,2.482986,14.648867,62.5,637.5,1.174072,-1
8/14/14,2014.0,BCSE_KBS,Building,R1,August,Corn,Annual,-2.3709958,170.0,1.02,2.8,15.7,96.0,57.0,0.357913363,2.419448,14.576174,62.5,637.5,1.174072,-1
8/15/14,2014.0,BCSE_KBS,Building,R1,August,Corn,Annual,-0.532523963,170.0,0.0,2.8,14.6,97.0,58.0,0.344314376,2.392972,14.512783,62.5,637.5,1.174072,-1
8/16/14,2014.0,BCSE_KBS,Building,R1,August,Corn,Annual,-0.796014661,170.0,0.0,2.29,19.0,98.0,59.0,0.346385121,2.399061,14.470028,62.5,637.5,1.174072,-1
8/17/14,2014.0,BCSE_KBS,Building,R1,August,Corn,Annual,-2.153423502,170.0,0.0,2.29,20.6,99.0,60.0,0.353632857,2.547118,14.462493,62.5,637.5,1.174072,-1
8/18/14,2014.0,BCSE_KBS,Building,R1,August,Corn,Annual,-2.030762017,170.0,1.78,4.07,20.7,100.0,61.0,0.366144768,2.553144,14.435561,62.5,637.5,1.174072,-1
8/28/14,2014.0,BCSE_KBS,Building,R1,August,Corn,Annual,-2.93632558,170.0,3.81,19.05,17.9,110.0,71.0,0.581418569,2.155068,13.283217,62.5,637.5,1.174072,-1
8/29/14,2014.0,BCSE_KBS,Building,R1,August,Corn,Annual,-1.939447618,170.0,0.0,12.95,19.6,111.0,72.0,0.551558733,2.092332,13.220205,62.5,637.5,1.174072,-1
8/30/14,2014.0,BCSE_KBS,Building,R1,August,Corn,Annual,-2.0335521,170.0,0.51,13.46,23.1,112.0,73.0,0.54541881,2.095175,13.155136,62.5,637.5,1.174072,-1
9/1/14,2014.0,BCSE_KBS,Building,R1,September,Corn,Annual,-3.817594985,170.0,5.84,19.3,22.5,114.0,75.0,0.5450022,2.111085,13.037407,62.5,637.5,1.174072,-1
9/2/14,2014.0,BCSE_KBS,Building,R1,September,Corn,Annual,-2.893813461,170.0,7.37,17.02,21.8,115.0,76.0,0.546070085,2.079115,12.979757,62.5,637.5,1.174072,-1
9/3/14,2014.0,BCSE_KBS,Building,R1,September,Corn,Annual,-3.652137487,170.0,7.11,13.46,20.3,116.0,77.0,0.533185426,2.065166,12.940843,62.5,637.5,1.174072,-1
9/4/14,2014.0,BCSE_KBS,Building,R1,September,Corn,Annual,-2.165486109,170.0,0.25,13.46,21.0,117.0,78.0,0.521588094,2.068673,12.900657,62.5,637.5,1.174072,-1
9/5/14,2014.0,BCSE_KBS,Building,R1,September,Corn,Annual,-3.510783257,170.0,3.05,16.51,24.4,118.0,79.0,0.54409583,2.134033,12.82532,62.5,637.5,1.174072,-1
9/9/14,2014.0,BCSE_KBS,Building,R1,September,Corn,Annual,-1.896334787,170.0,0.0,19.05,18.6,122.0,83.0,0.54140085,2.207709,12.715691,62.5,637.5,1.174072,-1
9/10/14,2014.0,BCSE_KBS,Building,R1,September,Corn,Annual,-0.977345478,170.0,0.0,18.8,20.1,123.0,84.0,0.582730344,2.482277,12.71744,62.5,637.5,1.174072,-1
9/18/14,2014.0,BCSE_KBS,Building,R1,September,Corn,Annual,-2.760954377,170.0,0.0,6.6,12.2,131.0,92.0,0.577990954,3.744023,12.913996,62.5,637.5,1.174072,-1
9/19/14,2014.0,BCSE_KBS,Building,R1,September,Corn,Annual,-2.08059381,170.0,0.0,6.6,13.4,132.0,93.0,0.57127641,3.887172,12.98491,62.5,637.5,1.174072,-1
9/20/14,2014.0,BCSE_KBS,Building,R1,September,Corn,Annual,-0.96543839,170.0,0.0,5.84,18.1,133.0,94.0,0.552691752,4.038246,13.077363,62.5,637.5,1.174072,-1
9/21/14,2014.0,BCSE_KBS,Building,R1,September,Corn,Annual,-1.009616779,170.0,0.76,1.01,14.9,134.0,95.0,0.600406083,4.189833,13.123241,62.5,637.5,1.174072,-1
9/24/14,2014.0,BCSE_KBS,Building,R1,September,Corn,Annual,-2.690265395,170.0,0.0,7.87,14.7,137.0,98.0,0.581536364,4.570647,13.328578,62.5,637.5,1.174072,-1
9/25/14,2014.0,BCSE_KBS,Building,R1,September,Corn,Annual,-2.4005009,170.0,0.0,7.87,16.3,138.0,99.0,0.569125235,4.698921,13.429697,62.5,637.5,1.174072,-1
9/26/14,2014.0,BCSE_KBS,Building,R1,September,Corn,Annual,-5.226795643,170.0,0.0,7.87,15.8,139.0,100.0,0.559859863,4.823246,13.541409,62.5,637.5,1.174072,-1
9/27/14,2014.0,BCSE_KBS,Building,R1,September,Corn,Annual,-0.919018729,170.0,0.0,7.87,16.1,140.0,101.0,0.552529334,4.93919,13.654886,62.5,637.5,1.174072,-1
9/28/14,2014.0,BCSE_KBS,Building,R1,September,Corn,Annual,-2.100712314,170.0,0.0,7.11,16.1,141.0,102.0,0.545515769,5.053028,13.777274,62.5,637.5,1.174072,-1
9/29/14,2014.0,BCSE_KBS,Building,R1,September,Corn,Annual,-1.671711348,170.0,0.0,0.0,17.1,142.0,103.0,0.544798671,5.162546,13.901581,62.5,637.5,1.174072,-1
9/30/14,2014.0,BCSE_KBS,Building,R1,September,Corn,Annual,-1.604960039,170.0,0.76,0.76,11.3,143.0,104.0,0.555721048,5.255177,13.980623,62.5,637.5,1.174072,-1
10/2/14,2014.0,BCSE_KBS,Building,R1,October,Corn,Annual,-3.894619913,170.0,2.03,2.79,16.1,145.0,106.0,0.572060648,5.513754,14.10598,62.5,637.5,1.174072,-1
10/17/14,2014.0,BCSE_KBS,Building,R1,October,Corn,Annual,0.0,170.0,0.76,11.18,12.3,160.0,121.0,0.70169315,7.226527,14.536903,62.5,637.5,1.174072,-1
10/18/14,2014.0,BCSE_KBS,Building,R1,October,Corn,Annual,1.131381408,170.0,3.55,13.97,7.0,161.0,122.0,0.707428793,7.301625,14.57582,62.5,637.5,1.174072,-1
10/23/14,2014.0,BCSE_KBS,Building,R1,October,Corn,Annual,-1.803889554,170.0,0.25,5.57,4.6,166.0,127.0,0.682308449,7.600608,14.82844,62.5,637.5,1.174072,-1
10/24/14,2014.0,BCSE_KBS,Building,R1,October,Corn,Annual,2.327068447,170.0,0.0,4.81,10.0,167.0,128.0,0.676563745,7.64333,14.913856,62.5,637.5,1.174072,-1
10/29/14,2014.0,BCSE_KBS,Building,R1,October,Corn,Annual,11.96707446,170.0,3.3,3.3,7.2,172.0,133.0,0.680692273,7.828716,15.394858,62.5,637.5,1.174072,-1
11/4/14,2014.0,BCSE_KBS,Building,R1,November,Corn,Annual,1.433695566,170.0,0.0,9.9,10.5,178.0,139.0,0.678436367,8.022644,15.786665,62.5,637.5,1.174072,-1
11/6/14,2014.0,BCSE_KBS,Building,R1,November,Corn,Annual,1.243984494,170.0,1.27,7.62,6.3,180.0,141.0,0.682039434,8.079791,15.932819,62.5,637.5,1.174072,-1
11/22/14,2014.0,BCSE_KBS,Building,R1,November,Corn,Annual,1.981899755,170.0,2.54,9.65,2.0,196.0,157.0,0.735113809,8.43667,16.641281,62.5,637.5,1.174072,-1
12/8/14,2014.0,BCSE_KBS,Building,R1,December,Corn,Annual,1.886044234,170.0,0.0,0.0,0.6,212.0,173.0,0.735113809,9.052316,17.037672,62.5,637.5,1.174072,-1
12/11/14,2014.0,BCSE_KBS,Building,R1,December,Corn,Annual,0.0,170.0,0.51,3.56,-2.2,215.0,176.0,0.735113809,9.098744,17.171005,62.5,637.5,1.174072,-1
12/12/14,2014.0,BCSE_KBS,Building,R1,December,Corn,Annual,-0.721356847,170.0,0.0,3.56,-0.3,216.0,177.0,0.735113809,9.111299,17.21816,62.5,637.5,1.174072,-1
12/13/14,2014.0,BCSE_KBS,Building,R1,December,Corn,Annual,1.724877304,170.0,0.0,3.56,3.0,217.0,178.0,0.735113809,9.121317,17.278832,62.5,637.5,1.174072,-1
12/16/14,2014.0,BCSE_KBS,Building,R1,December,Corn,Annual,1.902036796,170.0,0.76,1.27,5.3,220.0,181.0,0.735113809,9.141878,17.517116,62.5,637.5,1.174072,-1
12/20/14,2014.0,BCSE_KBS,Building,R1,December,Corn,Annual,0.0,170.0,0.0,1.78,-4.0,224.0,185.0,0.735113809,9.190322,17.699889,62.5,637.5,1.174072,-1
12/21/14,2014.0,BCSE_KBS,Building,R1,December,Corn,Annual,0.0,170.0,0.0,1.78,-1.0,225.0,186.0,0.735113809,9.200484,17.747142,62.5,637.5,1.174072,-1
12/23/14,2014.0,BCSE_KBS,Building,R1,December,Corn,Annual,-1.298947102,170.0,3.05,4.07,6.0,227.0,188.0,0.735113809,9.223295,17.859964,62.5,637.5,1.174072,-1
1/1/16,2016.0,BCSE_KBS,Building,R1,January,Corn,Annual,2.984383606,170.0,0.0,31.0,-3.6,245.0,198.0,0.702620691,10.489617,22.896375,62.5,637.5,1.174072,-1
1/2/16,2016.0,BCSE_KBS,Building,R1,January,Corn,Annual,3.524377454,170.0,0.0,31.0,-1.2,246.0,199.0,0.67479106,10.517604,22.930097,62.5,637.5,1.174072,-1
1/3/16,2016.0,BCSE_KBS,Building,R1,January,Corn,Annual,2.703966757,170.0,0.0,29.0,-0.8,247.0,200.0,0.660071677,10.541632,22.96674,62.5,637.5,1.174072,-1
1/4/16,2016.0,BCSE_KBS,Building,R1,January,Corn,Annual,5.167525444,170.0,0.0,23.0,-5.8,248.0,201.0,0.626272134,10.560583,22.995655,62.5,637.5,1.174072,-1
1/5/16,2016.0,BCSE_KBS,Building,R1,January,Corn,Annual,6.847348848,170.0,0.0,1.0,-7.2,249.0,202.0,0.581496513,10.576236,23.026865,62.5,637.5,1.174072,-1
1/6/16,2016.0,BCSE_KBS,Building,R1,January,Corn,Annual,4.49602807,170.0,0.0,0.0,-2.8,250.0,203.0,0.568622541,10.537065,23.034478,62.5,637.5,1.174072,-1
1/7/16,2016.0,BCSE_KBS,Building,R1,January,Corn,Annual,10.14142808,170.0,0.0,0.0,1.7,251.0,204.0,0.566842243,10.503416,23.031261,62.5,637.5,1.174072,-1
1/8/16,2016.0,BCSE_KBS,Building,R1,January,Corn,Annual,12.29397953,170.0,0.0,0.0,2.2,252.0,205.0,0.593692935,10.55885,23.048094,62.5,637.5,1.174072,-1
1/14/16,2016.0,BCSE_KBS,Building,R1,January,Corn,Annual,10.20771467,170.0,3.0,27.0,-1.6,258.0,211.0,0.638035368,10.73324,23.055238,62.5,637.5,1.174072,-1
1/15/16,2016.0,BCSE_KBS,Building,R1,January,Corn,Annual,8.479820902,170.0,1.0,27.0,3.6,259.0,212.0,0.669736353,10.777184,23.078824,62.5,637.5,1.174072,-1
1/16/16,2016.0,BCSE_KBS,Building,R1,January,Corn,Annual,5.243856865,170.0,2.0,25.0,-2.1,260.0,213.0,0.651006155,10.751021,23.071301,62.5,637.5,1.174072,-1
1/17/16,2016.0,BCSE_KBS,Building,R1,January,Corn,Annual,2.682511667,170.0,2.0,12.0,-10.8,261.0,214.0,0.617490371,10.737103,23.066993,62.5,637.5,1.174072,-1
1/18/16,2016.0,BCSE_KBS,Building,R1,January,Corn,Annual,3.437944701,170.0,0.0,7.0,-12.1,262.0,215.0,0.585437126,10.75754,23.084167,62.5,637.5,1.174072,-1
1/19/16,2016.0,BCSE_KBS,Building,R1,January,Corn,Annual,2.278431312,170.0,1.0,6.0,-10.9,263.0,216.0,0.579081874,10.775541,23.104172,62.5,637.5,1.174072,-1
1/20/16,2016.0,BCSE_KBS,Building,R1,January,Corn,Annual,3.306626151,170.0,1.0,4.0,-9.3,264.0,217.0,0.567599408,10.791471,23.129475,62.5,637.5,1.174072,-1
1/21/16,2016.0,BCSE_KBS,Building,R1,January,Corn,Annual,3.204328612,170.0,1.0,4.0,-5.3,265.0,218.0,0.562360419,10.768503,23.11548,62.5,637.5,1.174072,-1
1/22/16,2016.0,BCSE_KBS,Building,R1,January,Corn,Annual,4.417338771,170.0,1.0,4.0,-4.5,266.0,219.0,0.55888338,10.738607,23.123175,62.5,637.5,1.174072,-1
1/23/16,2016.0,BCSE_KBS,Building,R1,January,Corn,Annual,5.883465733,170.0,0.0,2.0,-5.4,267.0,220.0,0.553441559,10.701753,23.136213,62.5,637.5,1.174072,-1
1/24/16,2016.0,BCSE_KBS,Building,R1,January,Corn,Annual,4.494685306,170.0,0.0,2.0,-4.4,268.0,221.0,0.540314739,10.715319,23.172487,62.5,637.5,1.174072,-1
1/25/16,2016.0,BCSE_KBS,Building,R1,January,Corn,Annual,7.830250215,170.0,0.0,2.0,-0.1,269.0,222.0,0.547614746,10.726616,23.222231,62.5,637.5,1.174072,-1
1/26/16,2016.0,BCSE_KBS,Building,R1,January,Corn,Annual,9.627670238,170.0,1.0,2.0,0.8,270.0,223.0,0.570621606,10.741965,23.27344,62.5,637.5,1.174072,-1
1/27/16,2016.0,BCSE_KBS,Building,R1,January,Corn,Annual,6.1831119,170.0,3.0,4.0,-2.8,271.0,224.0,0.575556199,10.705454,23.284083,62.5,637.5,1.174072,-1
2/5/16,2016.0,BCSE_KBS,Building,R1,February,Corn,Annual,28.3327311,170.0,5.0,18.0,-3.8,280.0,233.0,0.679327046,10.638894,23.457491,62.5,637.5,1.174072,-1
2/6/16,2016.0,BCSE_KBS,Building,R1,February,Corn,Annual,20.01367893,170.0,2.0,18.0,-2.0,281.0,234.0,0.652301144,10.616589,23.458034,62.5,637.5,1.174072,-1
2/7/16,2016.0,BCSE_KBS,Building,R1,February,Corn,Annual,18.56626427,170.0,0.0,18.0,3.2,282.0,235.0,0.678329462,10.576265,23.474812,62.5,637.5,1.174072,-1
2/8/16,2016.0,BCSE_KBS,Building,R1,February,Corn,Annual,15.50882206,170.0,0.0,16.0,0.2,283.0,236.0,0.710067641,10.60521,23.517749,62.5,637.5,1.174072,-1
2/9/16,2016.0,BCSE_KBS,Building,R1,February,Corn,Annual,6.076420589,170.0,2.0,18.0,-3.3,284.0,237.0,0.722184449,10.629003,23.555453,62.5,637.5,1.174072,-1
2/10/16,2016.0,BCSE_KBS,Building,R1,February,Corn,Annual,5.232594119,170.0,3.0,8.0,-8.1,285.0,238.0,0.723897763,10.610038,23.561499,62.5,637.5,1.174072,-1
2/11/16,2016.0,BCSE_KBS,Building,R1,February,Corn,Annual,7.513598065,170.0,1.0,5.0,-9.6,286.0,239.0,0.660637356,10.597693,23.554108,62.5,637.5,1.174072,-1
2/15/16,2016.0,BCSE_KBS,Building,R1,February,Corn,Annual,3.714271394,170.0,0.0,5.0,-6.6,290.0,243.0,0.589150045,10.613519,23.630262,62.5,637.5,1.174072,-1
2/16/16,2016.0,BCSE_KBS,Building,R1,February,Corn,Annual,9.96655823,170.0,1.0,4.0,-2.4,291.0,244.0,0.590920972,10.580095,23.645341,62.5,637.5,1.174072,-1
2/17/16,2016.0,BCSE_KBS,Building,R1,February,Corn,Annual,13.36632287,170.0,2.0,4.0,-2.7,292.0,245.0,0.593380402,10.549065,23.658022,62.5,637.5,1.174072,-1
2/18/16,2016.0,BCSE_KBS,Building,R1,February,Corn,Annual,10.69131632,170.0,1.0,4.0,-5.8,293.0,246.0,0.590515309,10.563965,23.691436,62.5,637.5,1.174072,-1
2/19/16,2016.0,BCSE_KBS,Building,R1,February,Corn,Annual,20.84563322,170.0,0.0,4.0,7.8,294.0,247.0,0.673663451,10.491171,23.655971,62.5,637.5,1.174072,-1
2/20/16,2016.0,BCSE_KBS,Building,R1,February,Corn,Annual,35.80525969,170.0,0.0,2.0,8.0,295.0,248.0,0.721335389,10.412567,23.693612,62.5,637.5,1.174072,-1
2/21/16,2016.0,BCSE_KBS,Building,R1,February,Corn,Annual,41.406383,170.0,0.0,2.0,2.8,296.0,249.0,0.746241081,10.354382,23.725346,62.5,637.5,1.174072,-1
2/22/16,2016.0,BCSE_KBS,Building,R1,February,Corn,Annual,2.769690297,170.0,0.0,2.0,1.0,297.0,250.0,0.737046979,10.371209,23.790002,62.5,637.5,1.174072,-1
2/23/16,2016.0,BCSE_KBS,Building,R1,February,Corn,Annual,3.882484565,170.0,0.0,1.0,1.2,298.0,251.0,0.711239743,10.386951,23.856958,62.5,637.5,1.174072,-1
2/24/16,2016.0,BCSE_KBS,Building,R1,February,Corn,Annual,10.85062618,170.0,0.0,0.0,-0.5,299.0,252.0,0.697599332,10.403447,23.9143,62.5,637.5,1.174072,-1
2/27/16,2016.0,BCSE_KBS,Building,R1,February,Corn,Annual,4.122144435,170.0,7.0,16.0,1.3,302.0,255.0,0.709557801,10.360464,23.99642,62.5,637.5,1.174072,-1
2/28/16,2016.0,BCSE_KBS,Building,R1,February,Corn,Annual,2.4947151,170.0,0.0,16.0,8.5,303.0,256.0,0.763175037,10.419011,24.039627,62.5,637.5,1.174072,-1
2/29/16,2016.0,BCSE_KBS,Building,R1,February,Corn,Annual,6.476095136,170.0,3.0,19.0,1.3,304.0,257.0,0.746354928,10.332207,23.971392,62.5,637.5,1.174072,-1
3/1/16,2016.0,BCSE_KBS,Building,R1,March,Corn,Annual,1.330374356,170.0,3.0,19.0,-5.8,305.0,258.0,0.726468967,10.305005,23.972485,62.5,637.5,1.174072,-1
3/4/16,2016.0,BCSE_KBS,Building,R1,March,Corn,Annual,2.624187896,170.0,2.0,29.0,-3.9,308.0,261.0,0.730405435,10.390097,24.065132,62.5,637.5,1.174072,-1
3/5/16,2016.0,BCSE_KBS,Building,R1,March,Corn,Annual,2.316367783,170.0,2.0,29.0,-1.4,309.0,262.0,0.729716933,10.382794,24.057458,62.5,637.5,1.174072,-1
3/6/16,2016.0,BCSE_KBS,Building,R1,March,Corn,Annual,3.220035281,170.0,3.0,32.0,-0.2,310.0,263.0,0.733378157,10.380782,24.04465,62.5,637.5,1.174072,-1
3/8/16,2016.0,BCSE_KBS,Building,R1,March,Corn,Annual,2.561869121,170.0,0.0,29.0,15.0,312.0,265.0,0.764597915,10.383101,23.978385,62.5,637.5,1.174072,-1
3/10/16,2016.0,BCSE_KBS,Building,R1,March,Corn,Annual,4.966658109,170.0,3.0,8.0,9.1,314.0,267.0,0.748767446,10.258514,23.973051,62.5,637.5,1.174072,-1
3/11/16,2016.0,BCSE_KBS,Building,R1,March,Corn,Annual,4.911085491,170.0,3.0,6.0,6.6,315.0,268.0,0.741216986,10.307342,24.064078,62.5,637.5,1.174072,-1
3/12/16,2016.0,BCSE_KBS,Building,R1,March,Corn,Annual,2.898074512,170.0,0.0,6.0,8.1,316.0,269.0,0.743344274,10.348867,24.154515,62.5,637.5,1.174072,-1
3/13/16,2016.0,BCSE_KBS,Building,R1,March,Corn,Annual,8.322391211,170.0,0.0,3.0,8.4,317.0,270.0,0.745706113,10.352776,24.117372,62.5,637.5,1.174072,-1
3/14/16,2016.0,BCSE_KBS,Building,R1,March,Corn,Annual,6.262982095,170.0,13.0,16.0,8.8,318.0,271.0,0.760469373,10.355912,24.083756,62.5,637.5,1.174072,-1
3/16/16,2016.0,BCSE_KBS,Building,R1,March,Corn,Annual,6.600542149,170.0,2.0,18.0,10.4,320.0,273.0,0.746897281,10.515039,24.207983,62.5,637.5,1.174072,-1
3/19/16,2016.0,BCSE_KBS,Building,R1,March,Corn,Annual,7.554242481,170.0,0.0,18.0,1.2,323.0,276.0,0.73589948,10.405571,24.230475,62.5,637.5,1.174072,-1
3/20/16,2016.0,BCSE_KBS,Building,R1,March,Corn,Annual,7.88231994,170.0,0.0,18.0,0.2,324.0,277.0,0.734566302,10.440862,24.294252,62.5,637.5,1.174072,-1
3/21/16,2016.0,BCSE_KBS,Building,R1,March,Corn,Annual,9.254407869,170.0,0.0,5.0,1.4,325.0,278.0,0.730241759,10.472582,24.363812,62.5,637.5,1.174072,-1
3/22/16,2016.0,BCSE_KBS,Building,R1,March,Corn,Annual,4.335998312,170.0,0.0,3.0,7.5,326.0,279.0,0.728406338,10.317411,24.367591,62.5,637.5,1.174072,-1
3/23/16,2016.0,BCSE_KBS,Building,R1,March,Corn,Annual,5.278511733,170.0,0.0,3.0,4.6,327.0,280.0,0.730433242,10.350767,24.452563,62.5,637.5,1.174072,-1
3/24/16,2016.0,BCSE_KBS,Building,R1,March,Corn,Annual,8.84336809,170.0,1.0,1.0,3.6,328.0,281.0,0.731988521,10.367138,24.396033,62.5,637.5,1.174072,-1
3/27/16,2016.0,BCSE_KBS,Building,R1,March,Corn,Annual,3.239140594,170.0,0.0,14.0,9.4,331.0,284.0,0.738540855,10.409098,24.473875,62.5,637.5,1.174072,-1
3/28/16,2016.0,BCSE_KBS,Building,R1,March,Corn,Annual,6.892237116,170.0,5.0,19.0,4.7,332.0,285.0,0.740567758,10.488249,24.50926,62.5,637.5,1.174072,-1
3/30/16,2016.0,BCSE_KBS,Building,R1,March,Corn,Annual,5.019324309,170.0,5.0,24.0,8.6,334.0,287.0,0.744621565,10.350149,24.468588,62.5,637.5,1.174072,-1
3/31/16,2016.0,BCSE_KBS,Building,R1,March,Corn,Annual,6.494480226,170.0,1.0,24.0,13.6,335.0,288.0,0.771505427,10.513542,24.451307,62.5,637.5,1.174072,-1
4/14/16,2016.0,BCSE_KBS,Building,R1,April,Corn,Annual,1.90606601,170.0,0.0,25.0,8.6,349.0,302.0,0.721214474,10.789692,24.302682,62.5,637.5,1.174072,-1
4/15/16,2016.0,BCSE_KBS,Building,R1,April,Corn,Annual,2.57750719,170.0,0.0,24.0,12.1,350.0,303.0,0.71759693,10.728582,24.391732,62.5,637.5,1.174072,-1
4/16/16,2016.0,BCSE_KBS,Building,R1,April,Corn,Annual,0.261988615,170.0,0.0,17.0,16.4,351.0,304.0,0.711986982,10.781948,24.591586,62.5,637.5,1.174072,-1
4/17/16,2016.0,BCSE_KBS,Building,R1,April,Corn,Annual,1.512744142,170.0,0.0,15.0,17.5,352.0,305.0,0.708877205,10.441516,24.50721,62.5,637.5,1.174072,-1
4/18/16,2016.0,BCSE_KBS,Building,R1,April,Corn,Annual,0.465481609,170.0,0.0,3.0,18.0,353.0,306.0,0.702268293,10.335941,24.661305,62.5,637.5,1.174072,-1
4/19/16,2016.0,BCSE_KBS,Building,R1,April,Corn,Annual,1.445207552,170.0,0.0,0.0,12.1,354.0,307.0,0.696161626,10.407525,24.813063,62.5,637.5,1.174072,-1
4/20/16,2016.0,BCSE_KBS,Building,R1,April,Corn,Annual,0.0,170.0,0.0,0.0,14.5,355.0,308.0,0.690557202,10.327453,24.915228,62.5,637.5,1.174072,-1
4/21/16,2016.0,BCSE_KBS,Building,R1,April,Corn,Annual,2.351948911,170.0,0.0,0.0,12.3,356.0,309.0,0.69141566,10.286636,24.957461,62.5,637.5,1.174072,-1
4/22/16,2016.0,BCSE_KBS,Building,R1,April,Corn,Annual,1.333637187,170.0,7.0,7.0,11.6,357.0,310.0,0.697197121,10.370898,25.069369,62.5,637.5,1.174072,-1
4/25/16,2016.0,BCSE_KBS,Building,R1,April,Corn,Annual,4.06459262,170.0,0.0,7.0,18.2,360.0,313.0,0.695695294,10.258598,25.299517,62.5,637.5,1.174072,-1
4/26/16,2016.0,BCSE_KBS,Building,R1,April,Corn,Annual,4.001286217,170.0,3.0,10.0,10.2,361.0,314.0,0.693378903,10.122251,25.257854,62.5,637.5,1.174072,-1
4/27/16,2016.0,BCSE_KBS,Building,R1,April,Corn,Annual,4.294901915,170.0,4.0,11.0,8.8,362.0,315.0,0.695538515,10.066848,25.331204,62.5,637.5,1.174072,-1
4/28/16,2016.0,BCSE_KBS,Building,R1,April,Corn,Annual,4.137905815,170.0,1.0,11.0,6.7,363.0,316.0,0.692708831,10.05328,25.379766,62.5,637.5,1.174072,-1
4/29/16,2016.0,BCSE_KBS,Building,R1,April,Corn,Annual,3.62752824,170.0,3.0,7.0,7.4,364.0,317.0,0.690414537,10.117643,25.485736,62.5,637.5,1.174072,-1
4/30/16,2016.0,BCSE_KBS,Building,R1,April,Corn,Annual,3.496163807,170.0,3.0,7.0,8.4,365.0,318.0,0.693026675,10.046262,25.441464,62.5,637.5,1.174072,-1
5/1/16,2016.0,BCSE_KBS,Building,R1,May,Corn,Annual,4.651379833,170.0,11.0,18.0,8.4,366.0,319.0,0.719961509,10.076196,25.401952,62.5,637.5,1.174072,-1
5/2/16,2016.0,BCSE_KBS,Building,R1,May,Corn,Annual,5.077171623,170.0,11.0,18.0,8.4,367.0,320.0,0.726050685,10.221821,25.421431,62.5,637.5,1.174072,-1
5/3/16,2016.0,BCSE_KBS,Building,R1,May,Corn,Annual,3.404316302,170.0,10.0,25.0,11.5,368.0,321.0,0.71432424,10.110016,25.414877,62.5,637.5,1.174072,-1
5/4/16,2016.0,BCSE_KBS,Building,R1,May,Corn,Annual,7.388273792,170.0,10.0,24.0,8.4,369.0,322.0,0.744598549,10.209792,25.303983,62.5,637.5,1.174072,-1
5/17/16,2016.0,BCSE_KBS,Building,R1,May,Corn,Annual,5.146409119,170.0,0.0,35.0,13.4,8.0,335.0,0.72215826,17.509092,31.006591,62.5,637.5,1.174072,-1
5/18/16,2016.0,BCSE_KBS,Building,R1,May,Corn,Annual,8.400688741,170.0,0.0,26.0,12.5,9.0,336.0,0.715709013,17.99483,31.716648,62.5,637.5,1.174072,-1
5/19/16,2016.0,BCSE_KBS,Building,R1,May,Corn,Annual,3.834817016,170.0,0.0,25.0,13.4,10.0,337.0,0.711726794,18.587009,32.614436,62.5,637.5,1.174072,-1
5/20/16,2016.0,BCSE_KBS,Building,R1,May,Corn,Annual,2.889428986,170.0,0.0,16.0,14.9,11.0,338.0,0.705806899,18.951699,33.316592,62.5,637.5,1.174072,-1
6/28/16,2016.0,BCSE_KBS,Building,R1,June,Corn,Annual,11.22968108,170.0,0.0,3.0,17.3,50.0,11.0,0.587663236,39.365885,61.081755,62.5,637.5,1.174072,-1
6/29/16,2016.0,BCSE_KBS,Building,R1,June,Corn,Annual,10.56297283,170.0,0.0,3.0,17.3,51.0,12.0,0.582787095,38.493257,61.542204,62.5,637.5,1.174072,-1
6/30/16,2016.0,BCSE_KBS,Building,R1,June,Corn,Annual,6.658802407,170.0,0.0,1.0,18.6,52.0,13.0,0.572396722,37.900332,63.033388,62.5,637.5,1.174072,-1
7/1/16,2016.0,BCSE_KBS,Building,R1,July,Corn,Annual,8.638282707,170.0,4.0,1.0,18.5,53.0,14.0,0.567648928,39.594293,63.193375,62.5,637.5,1.174072,-1
7/2/16,2016.0,BCSE_KBS,Building,R1,July,Corn,Annual,8.146034105,170.0,4.0,5.0,17.2,54.0,15.0,0.565966986,37.355785,61.915284,62.5,637.5,1.174072,-1
7/3/16,2016.0,BCSE_KBS,Building,R1,July,Corn,Annual,10.61690471,170.0,0.0,5.0,18.2,55.0,16.0,0.557557967,35.32247,60.382287,62.5,637.5,1.174072,-1
7/4/16,2016.0,BCSE_KBS,Building,R1,July,Corn,Annual,14.54882666,170.0,0.0,4.0,19.8,56.0,17.0,0.542812342,33.010935,58.836425,62.5,637.5,1.174072,-1
7/5/16,2016.0,BCSE_KBS,Building,R1,July,Corn,Annual,7.246436432,170.0,0.0,4.0,23.3,57.0,18.0,0.546265211,30.207499,57.866119,62.5,637.5,1.174072,-1
7/6/16,2016.0,BCSE_KBS,Building,R1,July,Corn,Annual,7.662802373,170.0,0.0,4.0,23.8,58.0,19.0,0.534295001,27.343942,56.947139,62.5,637.5,1.174072,-1
7/7/16,2016.0,BCSE_KBS,Building,R1,July,Corn,Annual,9.235501735,170.0,3.0,4.0,24.0,59.0,20.0,0.528553768,28.236873,57.806638,62.5,637.5,1.174072,-1
7/8/16,2016.0,BCSE_KBS,Building,R1,July,Corn,Annual,7.253548849,170.0,4.0,7.0,24.1,60.0,21.0,0.536618189,26.41714,56.28198,62.5,637.5,1.174072,-1
7/9/16,2016.0,BCSE_KBS,Building,R1,July,Corn,Annual,7.555528096,170.0,1.0,4.0,20.9,61.0,22.0,0.53398592,24.509792,54.461498,62.5,637.5,1.174072,-1
7/10/16,2016.0,BCSE_KBS,Building,R1,July,Corn,Annual,7.961538974,170.0,0.0,4.0,21.1,62.0,23.0,0.515314875,24.35622,56.240639,62.5,637.5,1.174072,-1
7/11/16,2016.0,BCSE_KBS,Building,R1,July,Corn,Annual,4.996123933,170.0,7.0,4.0,23.2,63.0,24.0,0.504524363,25.543672,56.718362,62.5,637.5,1.174072,-1
8/7/16,2016.0,BCSE_KBS,Building,R1,August,Corn,Annual,4.012125131,170.0,0.0,0.0,20.8,90.0,51.0,0.538250903,3.020641,15.876873,62.5,637.5,1.174072,-1
8/8/16,2016.0,BCSE_KBS,Building,R1,August,Corn,Annual,1.660704918,170.0,0.0,0.0,21.1,91.0,52.0,0.527683892,3.022649,15.605452,62.5,637.5,1.174072,-1
8/9/16,2016.0,BCSE_KBS,Building,R1,August,Corn,Annual,3.304322104,170.0,0.0,0.0,21.8,92.0,53.0,0.512926574,3.020375,15.38302,62.5,637.5,1.174072,-1
8/10/16,2016.0,BCSE_KBS,Building,R1,August,Corn,Annual,-1.483648191,170.0,0.0,0.0,24.6,93.0,54.0,0.501306139,3.057711,15.240486,62.5,637.5,1.174072,-1
8/11/16,2016.0,BCSE_KBS,Building,R1,August,Corn,Annual,0.748729999,170.0,0.0,0.0,26.7,94.0,55.0,0.49138659,3.086562,15.137751,62.5,637.5,1.174072,-1
9/2/16,2016.0,BCSE_KBS,Building,R1,September,Corn,Annual,-1.997480999,170.0,0.0,15.0,17.4,116.0,77.0,0.640596114,3.649853,12.939003,62.5,637.5,1.174072,-1
9/3/16,2016.0,BCSE_KBS,Building,R1,September,Corn,Annual,0.0,170.0,0.0,15.0,17.7,117.0,78.0,0.623789126,3.869366,13.055927,62.5,637.5,1.174072,-1
9/5/16,2016.0,BCSE_KBS,Building,R1,September,Corn,Annual,0.431814453,170.0,0.0,1.0,21.8,119.0,80.0,0.596199222,4.295441,13.342463,62.5,637.5,1.174072,-1
9/12/16,2016.0,BCSE_KBS,Building,R1,September,Corn,Annual,-0.576886888,170.0,0.0,22.0,17.0,126.0,87.0,0.64203517,5.912092,14.31948,62.5,637.5,1.174072,-1
9/13/16,2016.0,BCSE_KBS,Building,R1,September,Corn,Annual,1.857890863,170.0,0.0,22.0,19.7,127.0,88.0,0.62186499,6.079072,14.4732,62.5,637.5,1.174072,-1
9/14/16,2016.0,BCSE_KBS,Building,R1,September,Corn,Annual,0.56963996,170.0,0.0,22.0,18.7,128.0,89.0,0.62720056,6.220036,14.626842,62.5,637.5,1.174072,-1
9/15/16,2016.0,BCSE_KBS,Building,R1,September,Corn,Annual,-0.316595031,170.0,0.0,21.0,16.7,129.0,90.0,0.610799234,6.340907,14.781651,62.5,637.5,1.174072,-1
9/16/16,2016.0,BCSE_KBS,Building,R1,September,Corn,Annual,-0.584564415,170.0,0.0,16.0,18.5,130.0,91.0,0.606797557,6.451564,14.963101,62.5,637.5,1.174072,-1
9/19/16,2016.0,BCSE_KBS,Building,R1,September,Corn,Annual,2.61740817,170.0,0.0,12.0,19.1,133.0,94.0,0.651491789,7.082943,15.236732,62.5,637.5,1.174072,-1
9/20/16,2016.0,BCSE_KBS,Building,R1,September,Corn,Annual,0.462965327,170.0,0.0,12.0,21.4,134.0,95.0,0.637604054,7.214203,15.425452,62.5,637.5,1.174072,-1
9/21/16,2016.0,BCSE_KBS,Building,R1,September,Corn,Annual,0.428767572,170.0,0.0,12.0,19.4,135.0,96.0,0.629784885,7.32175,15.62239,62.5,637.5,1.174072,-1
9/22/16,2016.0,BCSE_KBS,Building,R1,September,Corn,Annual,-0.138842713,170.0,0.0,12.0,20.9,136.0,97.0,0.624153354,7.412357,15.853156,62.5,637.5,1.174072,-1
9/23/16,2016.0,BCSE_KBS,Building,R1,September,Corn,Annual,0.875396428,170.0,0.0,12.0,19.0,137.0,98.0,0.62048108,7.487428,16.041556,62.5,637.5,1.174072,-1
9/24/16,2016.0,BCSE_KBS,Building,R1,September,Corn,Annual,0.337331079,170.0,0.0,12.0,16.4,138.0,99.0,0.609225615,7.551908,16.231499,62.5,637.5,1.174072,-1
10/8/16,2016.0,BCSE_KBS,Building,R1,October,Corn,Annual,4.17056673,170.0,0.0,21.0,10.0,152.0,113.0,0.726550355,9.457736,17.284905,62.5,637.5,1.174072,-1
10/9/16,2016.0,BCSE_KBS,Building,R1,October,Corn,Annual,3.159840285,170.0,0.0,16.0,9.3,153.0,114.0,0.706164223,9.516373,17.392459,62.5,637.5,1.174072,-1
10/10/16,2016.0,BCSE_KBS,Building,R1,October,Corn,Annual,0.871623659,170.0,0.0,12.0,10.4,154.0,115.0,0.695180549,9.550903,17.515366,62.5,637.5,1.174072,-1
10/11/16,2016.0,BCSE_KBS,Building,R1,October,Corn,Annual,1.067885789,170.0,0.0,12.0,14.8,155.0,116.0,0.690235448,9.568217,17.686952,62.5,637.5,1.174072,-1
10/14/16,2016.0,BCSE_KBS,Building,R1,October,Corn,Annual,2.079971231,170.0,0.0,18.0,8.4,158.0,119.0,0.72948648,9.921895,17.791233,62.5,637.5,1.174072,-1
10/15/16,2016.0,BCSE_KBS,Building,R1,October,Corn,Annual,1.180072898,170.0,0.0,18.0,14.0,159.0,120.0,0.738190537,9.976765,17.900497,62.5,637.5,1.174072,-1
10/20/16,2016.0,BCSE_KBS,Building,R1,October,Corn,Annual,-0.410486906,170.0,1.0,13.0,12.3,164.0,125.0,0.742081716,10.506432,18.328392,62.5,637.5,1.174072,-1
10/21/16,2016.0,BCSE_KBS,Building,R1,October,Corn,Annual,1.061551203,170.0,1.0,14.0,8.3,165.0,126.0,0.745525963,10.538858,18.42514,62.5,637.5,1.174072,-1
10/22/16,2016.0,BCSE_KBS,Building,R1,October,Corn,Annual,-0.841277313,170.0,0.0,14.0,7.5,166.0,127.0,0.74897021,10.557171,18.530751,62.5,637.5,1.174072,-1
10/23/16,2016.0,BCSE_KBS,Building,R1,October,Corn,Annual,-1.264176572,170.0,0.0,14.0,12.1,167.0,128.0,0.752414456,10.559074,18.673775,62.5,637.5,1.174072,-1
10/24/16,2016.0,BCSE_KBS,Building,R1,October,Corn,Annual,0.659821196,170.0,0.0,1.0,9.6,168.0,129.0,0.755858703,10.56239,18.794754,62.5,637.5,1.174072,-1
10/25/16,2016.0,BCSE_KBS,Building,R1,October,Corn,Annual,2.735967553,170.0,0.0,1.0,5.6,169.0,130.0,0.775911388,10.563697,18.90761,62.5,637.5,1.174072,-1
10/28/16,2016.0,BCSE_KBS,Building,R1,October,Corn,Annual,2.867069141,170.0,2.0,21.0,9.7,172.0,133.0,0.802670234,10.788732,18.996316,62.5,637.5,1.174072,-1
11/4/16,2016.0,BCSE_KBS,Building,R1,November,Corn,Annual,10.4126639,170.0,3.0,19.0,8.3,179.0,140.0,0.814627864,10.904377,19.465071,62.5,637.5,1.174072,-1
11/5/16,2016.0,BCSE_KBS,Building,R1,November,Corn,Annual,7.373031348,170.0,0.0,19.0,10.8,180.0,141.0,0.793978375,10.915391,19.59475,62.5,637.5,1.174072,-1
11/6/16,2016.0,BCSE_KBS,Building,R1,November,Corn,Annual,6.911212354,170.0,0.0,19.0,10.1,181.0,142.0,0.785945326,10.917459,19.732614,62.5,637.5,1.174072,-1
11/7/16,2016.0,BCSE_KBS,Building,R1,November,Corn,Annual,3.692363441,170.0,0.0,8.0,10.7,182.0,143.0,0.778686014,10.780594,19.834624,62.5,637.5,1.174072,-1
11/8/16,2016.0,BCSE_KBS,Building,R1,November,Corn,Annual,4.336064922,170.0,1.0,8.0,9.9,183.0,144.0,0.771616412,10.777609,19.967513,62.5,637.5,1.174072,-1
11/9/16,2016.0,BCSE_KBS,Building,R1,November,Corn,Annual,2.375198025,170.0,1.0,9.0,8.4,184.0,145.0,0.764550609,10.775004,20.093629,62.5,637.5,1.174072,-1
11/10/16,2016.0,BCSE_KBS,Building,R1,November,Corn,Annual,0.623361274,170.0,0.0,4.0,10.5,185.0,146.0,0.752288929,10.642565,20.199224,62.5,637.5,1.174072,-1
11/11/16,2016.0,BCSE_KBS,Building,R1,November,Corn,Annual,4.511846707,170.0,0.0,1.0,8.1,186.0,147.0,0.730691727,10.644872,20.309655,62.5,637.5,1.174072,-1
11/12/16,2016.0,BCSE_KBS,Building,R1,November,Corn,Annual,0.720305702,170.0,0.0,1.0,2.9,187.0,148.0,0.728820074,10.650542,20.401142,62.5,637.5,1.174072,-1
11/13/16,2016.0,BCSE_KBS,Building,R1,November,Corn,Annual,1.37152771,170.0,0.0,1.0,6.7,188.0,149.0,0.719614923,10.647628,20.514501,62.5,637.5,1.174072,-1
11/14/16,2016.0,BCSE_KBS,Building,R1,November,Corn,Annual,-0.796798108,170.0,0.0,1.0,8.3,189.0,150.0,0.713296962,10.444609,20.567339,62.5,637.5,1.174072,-1
11/15/16,2016.0,BCSE_KBS,Building,R1,November,Corn,Annual,-0.033802873,170.0,0.0,1.0,8.0,190.0,151.0,0.701619261,10.443605,20.686353,62.5,637.5,1.174072,-1
11/16/16,2016.0,BCSE_KBS,Building,R1,November,Corn,Annual,2.41476276,170.0,0.0,0.0,7.2,191.0,152.0,0.70329913,10.444025,20.798496,62.5,637.5,1.174072,-1
11/17/16,2016.0,BCSE_KBS,Building,R1,November,Corn,Annual,-1.734258615,170.0,0.0,0.0,11.3,192.0,153.0,0.700035972,10.436655,20.932031,62.5,637.5,1.174072,-1
1/15/17,2017.0,BCSE_KBS,Building,R1,January,Corn,Annual,1.991871105,170.0,0.0,35.0,-4.5,251.0,212.0,0.691893556,11.044827,21.650223,62.5,637.5,1.174072,-1
1/25/17,2017.0,BCSE_KBS,Building,R1,January,Corn,Annual,4.675528405,170.0,1.0,13.0,3.0,261.0,222.0,0.738612408,11.182327,21.69659,62.5,637.5,1.174072,-1
1/26/17,2017.0,BCSE_KBS,Building,R1,January,Corn,Annual,4.103283259,170.0,5.0,14.0,0.8,262.0,223.0,0.741962964,11.191148,21.70682,62.5,637.5,1.174072,-1
1/27/17,2017.0,BCSE_KBS,Building,R1,January,Corn,Annual,1.341946214,170.0,4.0,18.0,-1.9,263.0,224.0,0.745313522,11.187974,21.721675,62.5,637.5,1.174072,-1
1/28/17,2017.0,BCSE_KBS,Building,R1,January,Corn,Annual,2.62525208,170.0,0.0,9.0,-2.6,264.0,225.0,0.748664078,11.19084,21.736928,62.5,637.5,1.174072,-1
1/29/17,2017.0,BCSE_KBS,Building,R1,January,Corn,Annual,1.82745735,170.0,2.0,9.0,-3.7,265.0,226.0,0.752014634,11.183588,21.754129,62.5,637.5,1.174072,-1
1/30/17,2017.0,BCSE_KBS,Building,R1,January,Corn,Annual,2.263025301,170.0,4.0,11.0,-6.3,266.0,227.0,0.755365192,11.189282,21.759715,62.5,637.5,1.174072,-1
1/31/17,2017.0,BCSE_KBS,Building,R1,January,Corn,Annual,-1.295124648,170.0,8.0,9.0,-1.6,267.0,228.0,0.758715748,11.138563,21.774618,62.5,637.5,1.174072,-1
2/1/17,2017.0,BCSE_KBS,Building,R1,February,Corn,Annual,2.2198178,170.0,7.0,15.0,-0.2,268.0,229.0,0.758715748,11.178317,21.809084,62.5,637.5,1.174072,-1
2/2/17,2017.0,BCSE_KBS,Building,R1,February,Corn,Annual,0.0,170.0,1.0,15.0,-7.6,269.0,230.0,0.759206944,11.140153,21.815348,62.5,637.5,1.174072,-1
2/3/17,2017.0,BCSE_KBS,Building,R1,February,Corn,Annual,3.805084035,170.0,0.0,11.0,-7.7,270.0,231.0,0.760055306,11.144425,21.822068,62.5,637.5,1.174072,-1
2/4/17,2017.0,BCSE_KBS,Building,R1,February,Corn,Annual,0.971833289,170.0,0.0,11.0,-6.2,271.0,232.0,0.76090367,11.168019,21.853241,62.5,637.5,1.174072,-1
2/5/17,2017.0,BCSE_KBS,Building,R1,February,Corn,Annual,2.901145199,170.0,0.0,11.0,-0.9,272.0,233.0,0.761752033,11.121899,21.868162,62.5,637.5,1.174072,-1
2/6/17,2017.0,BCSE_KBS,Building,R1,February,Corn,Annual,4.344369205,170.0,0.0,9.0,-0.6,273.0,234.0,0.762600395,11.158688,21.904799,62.5,637.5,1.174072,-1
2/9/17,2017.0,BCSE_KBS,Building,R1,February,Corn,Annual,1.631367665,170.0,1.0,16.0,-8.6,276.0,237.0,0.765145484,11.140108,21.8647,62.5,637.5,1.174072,-1
2/10/17,2017.0,BCSE_KBS,Building,R1,February,Corn,Annual,0.0,170.0,1.0,17.0,-1.0,277.0,238.0,0.75771126,11.139715,21.8867,62.5,637.5,1.174072,-1
2/11/17,2017.0,BCSE_KBS,Building,R1,February,Corn,Annual,13.18151555,170.0,0.0,17.0,4.0,278.0,239.0,0.751259427,11.12648,21.928714,62.5,637.5,1.174072,-1
2/12/17,2017.0,BCSE_KBS,Building,R1,February,Corn,Annual,2.417127086,170.0,1.0,17.0,2.3,279.0,240.0,0.756226625,11.165867,21.984026,62.5,637.5,1.174072,-1
2/13/17,2017.0,BCSE_KBS,Building,R1,February,Corn,Annual,1.075136693,170.0,1.0,18.0,1.6,280.0,241.0,0.761193823,11.087873,22.017622,62.5,637.5,1.174072,-1
3/4/17,2017.0,BCSE_KBS,Building,R1,March,Corn,Annual,0.727130592,170.0,1.0,36.0,-4.3,299.0,260.0,0.770737725,10.654588,22.76682,62.5,637.5,1.174072,-1
3/8/17,2017.0,BCSE_KBS,Building,R1,March,Corn,Annual,1.582406147,170.0,2.0,17.0,6.2,303.0,264.0,0.760702627,10.513691,22.936847,62.5,637.5,1.174072,-1
3/9/17,2017.0,BCSE_KBS,Building,R1,March,Corn,Annual,1.481359081,170.0,0.0,3.0,1.9,304.0,265.0,0.757733357,10.552524,23.005572,62.5,637.5,1.174072,-1
3/10/17,2017.0,BCSE_KBS,Building,R1,March,Corn,Annual,-0.401493499,170.0,0.0,3.0,-4.7,305.0,266.0,0.755746478,10.503823,23.031857,62.5,637.5,1.174072,-1
3/11/17,2017.0,BCSE_KBS,Building,R1,March,Corn,Annual,-0.069531871,170.0,0.0,2.0,-7.1,306.0,267.0,0.75129657,10.494086,23.064603,62.5,637.5,1.174072,-1
3/12/17,2017.0,BCSE_KBS,Building,R1,March,Corn,Annual,-0.497215596,170.0,0.0,2.0,-6.0,307.0,268.0,0.746846664,10.466569,23.073609,62.5,637.5,1.174072,-1
3/13/17,2017.0,BCSE_KBS,Building,R1,March,Corn,Annual,-0.647542052,170.0,6.0,2.0,-4.7,308.0,269.0,0.742582169,10.458289,23.106357,62.5,637.5,1.174072,-1
3/15/17,2017.0,BCSE_KBS,Building,R1,March,Corn,Annual,0.0,170.0,0.0,6.0,-6.4,310.0,271.0,0.735162991,10.448629,23.16725,62.5,637.5,1.174072,-1
3/16/17,2017.0,BCSE_KBS,Building,R1,March,Corn,Annual,0.827138124,170.0,0.0,6.0,-1.7,311.0,272.0,0.73429235,10.415444,23.170244,62.5,637.5,1.174072,-1
3/17/17,2017.0,BCSE_KBS,Building,R1,March,Corn,Annual,-1.011466948,170.0,4.0,6.0,-1.4,312.0,273.0,0.733421709,10.41964,23.197689,62.5,637.5,1.174072,-1
3/18/17,2017.0,BCSE_KBS,Building,R1,March,Corn,Annual,-0.801974882,170.0,6.0,10.0,2.1,313.0,274.0,0.745826814,10.387814,23.215349,62.5,637.5,1.174072,-1
3/19/17,2017.0,BCSE_KBS,Building,R1,March,Corn,Annual,-0.11667405,170.0,2.0,12.0,3.4,314.0,275.0,0.758231918,10.435898,23.275702,62.5,637.5,1.174072,-1
3/20/17,2017.0,BCSE_KBS,Building,R1,March,Corn,Annual,0.0,170.0,2.0,12.0,5.4,315.0,276.0,0.770637023,10.32973,23.262304,62.5,637.5,1.174072,-1
3/21/17,2017.0,BCSE_KBS,Building,R1,March,Corn,Annual,-2.042462333,170.0,2.0,8.0,4.3,316.0,277.0,0.769632535,10.372526,23.334252,62.5,637.5,1.174072,-1
3/22/17,2017.0,BCSE_KBS,Building,R1,March,Corn,Annual,-1.144890553,170.0,0.0,8.0,-2.5,317.0,278.0,0.763671898,10.320617,23.369191,62.5,637.5,1.174072,-1
3/23/17,2017.0,BCSE_KBS,Building,R1,March,Corn,Annual,0.0,170.0,6.0,8.0,1.3,318.0,279.0,0.760702627,10.318585,23.416425,62.5,637.5,1.174072,-1
4/21/17,2017.0,BCSE_KBS,Building,R1,April,Corn,Annual,0.880886751,170.0,11.0,18.0,7.8,347.0,308.0,0.769926532,10.18173,24.137842,62.5,637.5,1.174072,-1
4/22/17,2017.0,BCSE_KBS,Building,R1,April,Corn,Annual,-1.184541127,170.0,0.0,18.0,8.9,348.0,309.0,0.769325913,10.132277,24.158803,62.5,637.5,1.174072,-1
4/23/17,2017.0,BCSE_KBS,Building,R1,April,Corn,Annual,0.0,170.0,0.0,18.0,11.9,349.0,310.0,0.768725296,10.060012,24.257401,62.5,637.5,1.174072,-1
4/24/17,2017.0,BCSE_KBS,Building,R1,April,Corn,Annual,0.0,170.0,0.0,17.0,14.0,350.0,311.0,0.768124676,10.053669,24.392215,62.5,637.5,1.174072,-1
4/25/17,2017.0,BCSE_KBS,Building,R1,April,Corn,Annual,-2.09412471,170.0,0.0,17.0,16.6,351.0,312.0,0.767524057,9.927306,24.479238,62.5,637.5,1.174072,-1
4/27/17,2017.0,BCSE_KBS,Building,R1,April,Corn,Annual,0.0,170.0,0.0,11.0,14.3,353.0,314.0,0.766322821,9.58682,24.764442,62.5,637.5,1.174072,-1
5/3/17,2017.0,BCSE_KBS,Building,R1,May,Corn,Annual,-0.036239267,170.0,3.0,43.0,8.8,359.0,320.0,0.76271911,9.697458,24.833855,62.5,637.5,1.174072,-1
5/4/17,2017.0,BCSE_KBS,Building,R1,May,Corn,Annual,0.670649723,170.0,7.0,43.0,7.0,360.0,321.0,0.762118492,9.78161,24.837638,62.5,637.5,1.174072,-1
5/5/17,2017.0,BCSE_KBS,Building,R1,May,Corn,Annual,-0.7231838,170.0,7.0,50.0,9.2,361.0,322.0,0.761517873,9.777038,24.880822,62.5,637.5,1.174072,-1
5/6/17,2017.0,BCSE_KBS,Building,R1,May,Corn,Annual,0.466509372,170.0,0.0,50.0,9.2,362.0,323.0,0.760917255,9.679993,24.906431,62.5,637.5,1.174072,-1
5/7/17,2017.0,BCSE_KBS,Building,R1,May,Corn,Annual,-0.973083842,170.0,0.0,47.0,6.4,363.0,324.0,0.760316637,9.650351,24.975568,62.5,637.5,1.174072,-1
5/8/17,2017.0,BCSE_KBS,Building,R1,May,Corn,Annual,-0.718334815,170.0,0.0,27.0,6.3,364.0,325.0,0.759716018,9.666156,25.061974,62.5,637.5,1.174072,-1
5/24/17,2017.0,BCSE_KBS,Building,R1,May,Corn,Annual,2.686390582,170.0,0.0,29.0,15.2,15.0,341.0,0.750106123,19.564749,37.829738,62.5,637.5,1.174072,-1
6/30/17,2017.0,BCSE_KBS,Building,R1,June,Corn,Annual,9.965253046,170.0,14.0,20.0,22.3,52.0,10.0,0.536915993,28.734216,40.123768,62.5,637.5,1.174072,-1
7/2/17,2017.0,BCSE_KBS,Building,R1,July,Corn,Annual,11.26489483,170.0,8.0,15.0,21.0,54.0,12.0,0.530657355,27.992507,38.943422,62.5,637.5,1.174072,-1
7/3/17,2017.0,BCSE_KBS,Building,R1,July,Corn,Annual,26.62286678,170.0,11.0,22.0,21.1,55.0,13.0,0.543572069,26.813462,36.904797,62.5,637.5,1.174072,-1
7/8/17,2017.0,BCSE_KBS,Building,R1,July,Corn,Annual,25.63141761,170.0,9.0,20.0,19.8,60.0,18.0,0.500473457,23.506947,34.142608,62.5,637.5,1.174072,-1
7/9/17,2017.0,BCSE_KBS,Building,R1,July,Corn,Annual,22.89207826,170.0,9.0,20.0,20.0,61.0,19.0,0.493072379,24.280197,35.337144,62.5,637.5,1.174072,-1
