N2O,IF_Outlier,LOF_Outlier,OCSVM_Outlier,Elliptic_Outlier,HBOS_Outlier,DBSCAN_Outlier,Mahalanobis_Distance,Mahalanobis_Outlier
3.896741682,1,1,1,1,0,0,0.12538038746696328,0
2.190217677,1,1,1,1,0,0,0.1852831046894853,0
3.542594407,1,1,1,1,0,0,0.1378117297787591,0
3.342869686,1,1,1,1,0,0,0.144822503403599,0
2.947778441,1,1,1,1,0,0,0.15869106842640932,0
2.146451291,1,1,1,1,0,0,0.1868194003622847,0
1.60370384,1,1,1,1,0,0,0.20587102048906844,0
0.0,1,1,1,1,0,0,0.2621645255055377,0
1.277621517,1,1,1,1,0,0,0.21731722173130186,0
1.941425653,1,1,1,1,0,0,0.19401624774356788,0
4.400840943,1,1,1,1,0,0,0.1076854031624411,0
3.101421441,1,1,1,1,0,0,0.1532978637863023,0
2.247645854,1,1,1,1,0,0,0.18326725033445918,0
2.470146627,1,1,1,1,0,0,0.17545698757357198,0
0.0,1,1,1,1,0,0,0.2621645255055377,0
2.452842456,1,1,1,1,0,0,0.17606440174363117,0
2.110173535,1,1,1,1,0,0,0.18809282877745406,0
0.0,1,1,1,1,0,0,0.2621645255055377,0
-0.976532918,1,1,1,1,0,0,0.2964429623010625,0
-1.152264849,1,1,-1,1,0,1,0.30261153663041146,0
3.332993782,1,1,1,1,0,0,0.14516916918907605,0
0.665489242,1,1,1,1,0,0,0.23880440061930355,0
0.422398471,1,-1,1,1,0,2,0.2473374172495723,0
0.786886848,1,1,1,1,0,0,0.23454307968716165,0
-0.236694718,1,1,1,1,0,0,0.27047302671552725,0
0.803407701,1,1,1,1,0,0,0.23396316168856668,0
0.494750964,1,1,1,1,0,0,0.24479768682924138,0
0.051470741,1,-1,1,1,0,2,0.2603577901567685,0
-0.573086367,1,1,1,1,0,0,0.28228110780142135,0
0.0,1,1,1,1,0,0,0.2621645255055377,0
-1.661657193,1,1,-1,1,0,1,0.32049231970087855,0
-1.316573969,1,1,-1,1,0,1,0.30837914536231525,0
2.576100578,1,1,1,1,0,0,0.17173777263914042,0
0.769862597,1,1,1,1,0,0,0.23514066805426945,0
0.92208048,1,1,1,1,0,0,0.2297974881313126,0
0.603632682,1,1,1,1,0,0,0.24097570088298662,0
3.923316606,1,1,1,1,0,0,0.12444754963232527,0
2.54735377,1,1,1,1,0,0,0.17274684834251686,0
1.993078376,1,1,1,1,0,0,0.19220312442940612,0
2.242679352,1,1,1,1,0,0,0.1834415853945107,0
2.31102732,1,1,1,1,0,0,0.18104242254192723,0
1.607339878,1,1,1,1,0,0,0.20574338761927807,0
1.196587551,1,1,1,1,0,0,0.22016169080205336,0
1.858059078,1,1,1,1,0,0,0.196942596481355,0
1.500578176,1,1,1,1,0,0,0.20949095637680115,0
1.532710969,1,1,1,1,0,0,0.2083630252096982,0
0.0,1,1,1,1,0,0,0.2621645255055377,0
0.0,1,1,1,1,0,0,0.2621645255055377,0
-0.860186291,1,1,1,1,0,0,0.29235894175605104,0
-0.611512687,1,1,1,1,0,0,0.28362995550243114,0
0.0,1,1,1,1,0,0,0.2621645255055377,0
-0.365079731,1,1,1,1,0,0,0.2749796208840334,0
0.0,1,1,1,1,0,0,0.2621645255055377,0
-0.420653097,1,1,1,1,0,0,0.2769303673246624,0
-0.646941413,1,1,1,1,0,0,0.28487358111151373,0
-0.383708989,1,1,1,1,0,0,0.27563354849991795,0
-0.699160861,1,1,1,1,0,0,0.2867065977101054,0
5.555901661,1,1,1,1,0,0,0.06714025093342382,0
3.812068955,1,1,1,1,0,0,0.1283525849907484,0
3.837211904,1,1,1,1,0,0,0.12747001260402868,0
3.768554758,1,1,1,1,0,0,0.12988002827922185,0
11.35170248,1,1,1,1,0,3,0.13630500768666728,0
11.38092448,1,1,1,1,0,3,0.13733076366639432,0
5.865573681,1,1,1,1,0,0,0.056270087143499764,0
7.205057796,1,1,1,1,0,0,0.009251271158602319,0
10.53682686,1,1,1,1,0,3,0.10770109488299866,0
11.98831768,1,1,1,1,0,3,0.15865159067842502,0
12.15293197,1,1,1,1,0,3,0.16442991154339065,0
13.19668864,1,1,1,-1,0,4,0.20106804875619314,0
14.02054389,1,1,1,-1,0,4,0.22998716617173767,0
9.489269034,1,1,1,1,0,3,0.07092952879822041,0
8.920362726,1,1,1,1,0,0,0.05095967569660349,0
8.01022556,1,1,1,1,0,0,0.019011874711169593,0
7.722506994,1,1,1,1,0,0,0.008912325072096347,0
5.573897738,1,1,1,1,0,0,0.06650854935261556,0
4.292820125,1,1,1,1,0,0,0.11147716963970172,0
2.000428888,1,1,1,1,0,0,0.19194510541503146,0
0.284307492,1,1,1,1,0,0,0.2521847120088501,0
0.0,1,1,1,1,0,0,0.2621645255055377,0
0.475389009,1,1,1,1,0,0,0.24547733370900512,0
0.557640124,1,1,1,1,0,0,0.24259014005181298,0
1.322148667,1,1,1,1,0,0,0.21575422158166446,0
0.409027319,1,1,1,1,0,0,0.24780677386855252,0
1.489155537,1,1,1,1,0,0,0.2098919159366709,0
4.570590324,1,1,1,1,0,0,0.10172682939556278,0
6.053539306,1,1,1,1,0,0,0.04967208345357825,0
7.457024858,1,1,1,1,0,0,0.0004066773409046628,0
10.78479988,1,1,1,1,0,3,0.11640548910912898,0
11.2847381,1,1,1,1,0,3,0.13395441179269302,0
13.63046951,1,1,1,-1,0,4,0.21629470406020077,0
15.31828219,1,-1,1,-1,0,5,0.27554061293601945,0
13.64569483,1,1,1,-1,0,4,0.21682914602287476,0
13.97807093,1,1,1,-1,0,4,0.22849627257456054,0
15.23550436,1,-1,1,-1,0,5,0.2726349304327229,0
17.3315632,-1,1,1,-1,0,6,0.3462111705596748,0
18.43485321,-1,1,1,-1,0,6,0.384939057943517,0
14.46447557,1,1,1,-1,0,4,0.24557013706183015,0
18.99873405,-1,1,1,-1,0,6,0.4047325061497836,0
17.14349605,-1,1,1,-1,0,6,0.33960960312066546,0
21.01166871,-1,1,1,-1,0,7,0.4753909061324979,0
18.13762551,-1,1,1,-1,0,6,0.3745057169464763,0
3.964016822,1,1,1,1,0,0,0.1230188832187265,0
5.770278073,1,1,1,1,0,0,0.059615170975808526,0
5.805116134,1,1,1,1,0,0,0.05839227899740709,0
4.455109782,1,1,1,1,0,0,0.10578044846676335,0
3.213254504,1,1,1,1,0,0,0.14937227918896318,0
2.10142383,1,1,1,1,0,0,0.1883999625199973,0
2.031806149,1,1,1,1,0,0,0.19084369507014723,0
4.943446833,1,1,1,1,0,0,0.08863875213572736,0
5.533661296,1,1,1,1,0,0,0.06792093628658455,0
5.025757771,1,1,1,1,0,0,0.08574945856066597,0
3.101627962,1,1,1,1,0,0,0.1532906144484511,0
2.108207184,1,1,1,1,0,0,0.1881618519892976,0
2.01884872,1,1,1,1,0,0,0.1912985291088386,0
1.710316029,1,1,1,1,0,0,0.20212869996417138,0
1.721760876,1,1,1,1,0,0,0.2017269608550306,0
2.24717742,1,1,1,1,0,0,0.18328369339025985,0
3.987497463,1,1,1,1,0,0,0.1221946614709483,0
4.499277417,1,1,1,1,0,0,0.10423006807830079,0
3.330966499,1,1,1,1,0,0,0.14524033124710933,0
3.799833697,1,1,1,1,0,0,0.1287820692511345,0
3.682277234,1,1,1,1,0,0,0.13290855768032533,0
2.596670769,1,1,1,1,0,0,0.17101571403868945,0
2.770508507,1,1,1,1,0,0,0.16491363001789255,0
1.476872973,1,1,1,1,0,0,0.21032306074090676,0
1.613950989,1,1,1,1,0,0,0.20551132319381474,0
1.139970869,1,1,1,1,0,0,0.22214905991141637,0
1.657043401,1,1,1,1,0,0,0.20399868547942618,0
2.172975276,1,1,1,1,0,0,0.18588835059772577,0
3.172792215,1,1,1,1,0,0,0.15079259384556418,0
2.288770988,1,1,1,1,0,0,0.1818236683716374,0
2.836872707,1,1,1,1,0,0,0.16258410175186683,0
2.114147784,1,1,1,1,0,0,0.1879533239633868,0
1.292260161,1,1,1,1,0,0,0.21680337337670275,0
0.581453523,1,1,1,1,0,0,0.2417542377719596,0
2.279281304,1,1,1,1,0,0,0.18215677699215346,0
1.601612199,1,1,1,1,0,0,0.2059444416533691,0
2.128334157,1,1,1,1,0,0,0.18745535130801108,0
2.390739233,1,1,1,1,0,0,0.1782443604169791,0
0.49448597,1,1,1,1,0,0,0.24480698869701534,0
0.0,1,1,1,1,0,0,0.2621645255055377,0
0.091928643,1,1,1,1,0,0,0.25893762949344257,0
-0.630948576,1,1,1,1,0,0,0.28431219762696275,0
0.624933775,1,1,1,1,0,0,0.2402279860270742,0
0.147387069,1,1,1,1,0,0,0.2569909176976808,0
0.0,1,1,1,1,0,0,0.2621645255055377,0
0.0,1,1,1,1,0,0,0.2621645255055377,0
1.061560919,1,1,1,1,0,0,0.2249014202934094,0
1.649595348,1,1,1,1,0,0,0.2042601283957931,0
0.0,1,1,1,1,0,0,0.2621645255055377,0
1.929197336,1,-1,1,1,0,2,0.19444548835970465,0
0.0,1,1,1,1,0,0,0.2621645255055377,0
1.284853019,1,1,1,1,0,0,0.2170633802276776,0
3.561152234,1,1,1,1,0,0,0.13716030954687933,0
2.810119772,1,1,1,1,0,0,0.16352318816113037,0
2.358285723,1,1,1,1,0,0,0.1793835494507767,0
0.0,1,1,1,1,0,0,0.2621645255055377,0
0.0,1,1,1,1,0,0,0.2621645255055377,0
0.0,1,1,1,1,0,0,0.2621645255055377,0
0.330195277,1,1,1,1,0,0,0.2505739506010005,0
0.0,1,1,1,1,0,0,0.2621645255055377,0
1.732954529,1,1,1,1,0,0,0.2013340392035441,0
4.845850696,1,1,1,1,0,0,0.09206458955705418,0
3.704334597,1,1,1,1,0,0,0.13213429609678345,0
2.016275185,1,1,1,1,0,0,0.19138886580431758,0
1.060357073,1,1,1,1,0,0,0.22494367791551503,0
0.0,1,1,1,1,0,0,0.2621645255055377,0
0.0,1,1,1,1,0,0,0.2621645255055377,0
0.311044846,1,1,1,1,0,0,0.2512461725266935,0
0.0,1,1,1,1,0,0,0.2621645255055377,0
0.0,1,1,1,1,0,0,0.2621645255055377,0
0.508862891,1,1,1,1,0,0,0.24430232739095098,0
0.450239897,1,1,1,1,0,0,0.24636012243047611,0
0.0,1,1,1,1,0,0,0.2621645255055377,0
0.0,1,1,1,1,0,0,0.2621645255055377,0
-0.741943227,1,1,1,1,0,0,0.2882083521331898,0
0.0,1,1,1,1,0,0,0.2621645255055377,0
0.0,1,1,1,1,0,0,0.2621645255055377,0
0.0,1,1,1,1,0,0,0.2621645255055377,0
-0.95282853,1,1,1,1,0,0,0.2956108865452357,0
-0.470951563,1,1,1,1,0,0,0.2786959532623326,0
0.0,1,1,1,1,0,0,0.2621645255055377,0
0.949900479,1,1,1,1,0,0,0.22882094544668283,0
2.364071461,1,1,1,1,0,0,0.17918045741906652,0
0.0,1,1,1,1,0,0,0.2621645255055377,0
0.0,1,1,1,1,0,0,0.2621645255055377,0
-0.401317853,1,1,1,1,0,0,0.2762516580592979,0
0.0,1,1,1,1,0,0,0.2621645255055377,0
1.05282372,1,1,1,1,0,0,0.2252081150480571,0
0.0,1,1,1,1,0,0,0.2621645255055377,0
0.0,1,1,1,1,0,0,0.2621645255055377,0
0.405097738,1,1,1,1,0,0,0.24794471073832774,0
0.0,1,1,1,1,0,0,0.2621645255055377,0
0.0,1,1,1,1,0,0,0.2621645255055377,0
0.0,1,1,1,1,0,0,0.2621645255055377,0
0.0,1,1,1,1,0,0,0.2621645255055377,0
0.0,1,1,1,1,0,0,0.2621645255055377,0
0.0,1,1,1,1,0,0,0.2621645255055377,0
0.0,1,1,1,1,0,0,0.2621645255055377,0
0.512303837,1,1,1,1,0,0,0.24418154267616696,0
0.0,1,1,1,1,0,0,0.2621645255055377,0
0.342488631,1,-1,1,1,0,2,0.25014242704421447,0
0.0,1,1,1,1,0,0,0.2621645255055377,0
1.146650105,1,1,1,1,0,0,0.22191460414976388,0
1.469760129,1,-1,1,1,0,2,0.21057273708974894,0
3.436682224,1,1,1,1,0,0,0.14152947856522813,0
1.285167236,1,1,1,1,0,0,0.21705235052516983,0
0.0,1,1,1,1,0,0,0.2621645255055377,0
3.597893416,1,1,1,1,0,0,0.1358706138676397,0
0.0,1,1,1,1,0,0,0.2621645255055377,0
0.549594576,1,1,1,1,0,0,0.2428725563467682,0
1.013856856,1,1,1,1,0,0,0.22657593702325426,0
4.660267277,1,1,1,1,0,0,0.09857897261699002,0
2.597178554,1,1,1,1,0,0,0.17099788967690158,0
1.388589678,1,1,1,1,0,0,0.2134219970818916,0
3.667460522,1,1,1,1,0,0,0.13342865661037442,0
0.502799785,1,1,1,1,0,0,0.24451515564484255,0
0.482657963,1,1,1,1,0,0,0.2452221775584384,0
0.291258669,1,1,1,1,0,0,0.25194071052456113,0
-0.326949934,1,-1,1,1,0,2,0.2736411817875127,0
1.280228455,1,1,1,1,0,0,0.21722571251761771,0
1.592871439,1,1,1,1,0,0,0.20625126140688899,0
2.293472093,1,1,1,1,0,0,0.18165864932553946,0
5.515200824,1,1,1,1,0,0,0.06856893914547799,0
4.29344456,1,1,1,1,0,0,0.11145525060831438,0
6.040007665,1,1,1,1,0,0,0.0501470735867406,0
0.925988511,1,1,1,1,0,0,0.22966030771357224,0
0.742359432,1,1,1,1,0,0,0.23610608917397963,0
0.0,1,1,1,1,0,0,0.2621645255055377,0
0.534863613,1,1,1,1,0,0,0.24338964529976212,0
0.560052105,1,1,1,1,0,0,0.2425054742543406,0
0.0,1,1,1,1,0,0,0.2621645255055377,0
2.871360987,1,1,1,1,0,0,0.1613734878499949,0
3.646318755,1,1,1,1,0,0,0.13417077877594302,0
4.616428431,1,1,1,1,0,0,0.10011781179394005,0
3.385976253,1,1,1,1,0,0,0.14330936881781584,0
5.387817092,1,1,1,1,0,0,0.07304038616549546,0
2.518340108,1,1,1,1,0,0,0.1737652912037269,0
0.0,1,1,1,1,0,0,0.2621645255055377,0
2.00726014,1,1,1,1,0,0,0.19170531355998996,0
3.62432374,1,1,1,1,0,0,0.1349428518086046,0
2.517127829,1,1,1,1,0,0,0.1738078448425383,0
3.495884387,1,1,1,1,0,0,0.13945135342971288,0
3.33582946,1,1,1,1,0,0,0.14506963070214562,0
3.128224686,1,1,1,1,0,0,0.1523570113862325,0
5.362367531,1,1,1,1,0,0,0.07393372130262428,0
3.950759506,1,1,1,1,0,0,0.12348424394564908,0
3.662710185,1,1,1,1,0,0,0.13359540380712578,0
4.249502455,1,1,1,1,0,0,0.11299771440153678,0
4.330278842,1,1,1,1,0,0,0.11016228691587535,0
6.202573436,1,1,1,1,0,0,0.0444406602097578,0
4.397992331,1,1,1,1,0,0,0.10778539566100118,0
0.0,1,1,1,1,0,0,0.2621645255055377,0
4.676305072,1,1,1,1,0,0,0.09801601100851398,0
2.751717688,1,1,1,1,0,0,0.16557322877749897,0
4.292850926,1,1,1,1,0,0,0.1114760884573757,0
4.193326373,1,1,1,1,0,0,0.1149696174892494,0
4.765334021,1,1,1,1,0,0,0.09489090058467006,0
3.483344376,1,1,1,1,0,0,0.13989153518555072,0
1.835377108,1,-1,1,1,0,2,0.19773878313385965,0
0.9895672,1,1,1,1,0,0,0.2274285569632828,0
0.0,1,1,1,1,0,0,0.2621645255055377,0
0.304896421,1,1,1,1,0,0,0.25146199566370175,0
0.613123145,1,1,1,1,0,0,0.24064256491787028,0
0.0,1,1,1,1,0,0,0.2621645255055377,0
1.79936523,1,1,1,1,0,0,0.1990028786509256,0
0.875860487,1,1,1,1,0,0,0.23141991076503696,0
1.34407712,1,1,1,1,0,0,0.21498448502048062,0
2.029125423,1,1,1,1,0,0,0.19093779440368053,0
3.850252823,1,1,1,1,0,0,0.12701224788411267,0
10.32370592,1,1,1,1,0,3,0.10022008473276754,0
41.94281282,-1,1,-1,-1,1,-1,1.210119748558121,1
11.82724098,1,1,1,1,0,3,0.15299744694357784,0
21.91196787,-1,1,-1,-1,1,9,0.5069933716349708,0
14.26154829,1,1,1,-1,0,4,0.23844694662620808,0
10.3174865,1,1,1,1,0,3,0.10000176951630615,0
2.187109724,1,1,1,1,0,0,0.1853922006231812,0
1.330547336,1,1,1,1,0,0,0.2154594099688899,0
5.829839706,1,1,1,1,0,0,0.05752442765871666,0
3.131058769,1,1,1,1,0,0,0.15225752888728333,0
3.229343021,1,1,1,1,0,0,0.14880753712758166,0
0.0,1,1,1,1,0,0,0.2621645255055377,0
1.342090889,1,1,1,1,0,0,0.2150542060637141,0
2.210692631,1,1,1,1,0,0,0.18456438911559797,0
1.774603299,1,1,1,1,0,0,0.19987207647423816,0
0.086756437,1,1,1,1,0,0,0.2591191852128622,0
0.740019647,1,1,1,1,0,0,0.23618822073427753,0
0.0,1,1,1,1,0,0,0.2621645255055377,0
0.445501566,1,1,1,1,0,0,0.2465264481904233,0
0.641488199,1,1,1,1,0,0,0.2396468896131074,0
0.683206888,1,1,1,1,0,0,0.2381824725742968,0
1.247729181,1,1,1,1,0,0,0.2183665079676995,0
0.577199823,1,1,1,1,0,0,0.2419035519260546,0
1.291970562,1,1,1,1,0,0,0.2168135389336794,0
1.118848068,1,1,1,1,0,0,0.22289051632898993,0
0.703135197,1,1,1,1,0,0,0.23748294543301288,0
1.758231667,1,1,1,1,0,0,0.20044675649004448,0
5.824126228,1,1,1,1,0,0,0.05772498320671265,0
7.089676383,1,1,1,1,0,0,0.013301410585544668,0
5.774068286,1,1,1,1,0,0,0.05948212622701688,0
4.457284469,1,1,1,1,0,0,0.10570411220660714,0
3.314789347,1,1,1,1,0,0,0.14580818459044495,0
16.05668199,-1,-1,1,-1,1,8,0.30146005754211325,0
12.48251254,1,1,1,1,0,3,0.17599890889057282,0
10.17067882,1,1,1,1,0,3,0.09484849952691943,0
7.302739859,1,1,1,1,0,0,0.005822417547134038,0
6.342695771,1,1,1,1,0,0,0.03952206042125702,0
4.937267907,1,1,1,1,0,0,0.08885564592440683,0
3.886956112,1,1,1,1,0,0,0.125723882331878,0
7.172206879,1,1,1,1,0,0,0.010404410045477545,0
3.055358979,1,1,1,1,0,0,0.15491475673810065,0
1.931364158,1,-1,1,1,0,2,0.19436942817821454,0
1.054179035,1,1,1,1,0,0,0.22516054053345635,0
3.199359691,1,1,1,1,0,0,0.1498600174519821,0
3.377891627,1,1,1,1,0,0,0.1435931568358624,0
21.35532958,-1,1,1,-1,0,7,0.4874541527412416,0
5.643902585,1,1,1,1,0,0,0.0640512264308399,0
7.014291646,1,1,1,1,0,0,0.015947579388429545,0
52.5638362,-1,-1,-1,-1,1,-1,1.5829408505653764,1
44.87445146,-1,1,-1,-1,1,-1,1.3130266633955359,1
28.75629326,-1,-1,-1,-1,1,10,0.7472441311993507,1
26.61306052,-1,1,-1,-1,1,9,0.672011984220984,1
25.046763,-1,1,-1,-1,1,9,0.6170315226792797,1
23.97074703,-1,1,-1,-1,1,9,0.579261013627561,0
28.07357268,-1,-1,-1,-1,1,10,0.7232791487403222,1
26.51636524,-1,1,-1,-1,1,9,0.6686177688465611,1
22.77694933,-1,1,-1,-1,1,9,0.5373561087832854,0
95.2637455,-1,-1,-1,-1,1,-1,3.081800863510368,1
49.74509772,-1,1,-1,-1,1,-1,1.483996977759039,1
30.51366518,-1,-1,-1,-1,1,-1,0.8089317212186664,1
35.95056074,-1,1,-1,-1,1,-1,0.9997786219038199,1
31.90315787,-1,-1,-1,-1,1,-1,0.8577059473344201,1
22.31387373,-1,1,-1,-1,1,9,0.5211011445178108,0
19.03504958,-1,1,1,-1,0,6,0.40600726051479824,0
15.69042234,-1,-1,1,-1,1,8,0.2886035444314348,0
15.29364267,1,-1,1,-1,0,5,0.2746757120059803,0
14.85309142,1,-1,1,-1,0,5,0.2592114015869899,0
13.12900042,1,1,1,1,0,3,0.19869204449837094,0
7.392958744,1,1,1,1,0,0,0.0026555377725443635,0
5.556255894,1,1,1,1,0,0,0.06712781658197742,0
5.411410985,1,1,1,1,0,0,0.07221218902533426,0
4.420680479,1,1,1,1,0,0,0.10698899214721251,0
3.737267631,1,1,1,1,0,0,0.13097827472398027,0
3.569423022,1,1,1,1,0,0,0.13686998683631693,0
2.709625836,1,1,1,1,0,0,0.16705074465207245,0
2.388196195,1,1,1,1,0,0,0.17833362660119556,0
2.451725013,1,1,1,1,0,0,0.17610362643185423,0
2.656766906,1,1,1,1,0,0,0.16890620846459298,0
0.0,1,1,1,1,0,0,0.2621645255055377,0
2.876688844,1,1,1,1,0,0,0.16118646844075254,0
6.389154413,1,1,1,1,0,0,0.03789126068675906,0
3.059984114,1,1,1,1,0,0,0.15475240440481428,0
2.499339039,1,1,1,1,0,0,0.1744322701972235,0
1.974115335,1,1,1,1,0,0,0.19286876855710305,0
2.604587532,1,1,1,1,0,0,0.17073781837831947,0
1.433884327,1,1,1,1,0,0,0.2118320560422164,0
1.887644253,1,1,1,1,0,0,0.1959040922664648,0
1.773605596,1,1,1,1,0,0,0.19990709802711756,0
1.301779364,1,1,1,1,0,0,0.21646922857485873,0
1.871044225,1,1,1,1,0,0,0.19648678948036657,0
2.346712425,1,1,1,1,0,0,0.17978979747037366,0
1.437807567,1,1,1,1,0,0,0.211694341755381,0
0.417465627,1,1,1,1,0,0,0.24751057084036215,0
0.345763458,1,-1,1,1,0,2,0.2500274734689006,0
1.018219144,1,-1,1,1,0,2,0.22642281119335586,0
0.438390285,1,1,1,1,0,0,0.2467760696745541,0
0.877707929,1,1,1,1,0,0,0.2313550615186233,0
0.312617991,1,1,1,1,0,0,0.25119095170365857,0
0.0,1,1,1,1,0,0,0.2621645255055377,0
0.0,1,1,1,1,0,0,0.2621645255055377,0
0.0,1,1,1,1,0,0,0.2621645255055377,0
0.0,1,1,1,1,0,0,0.2621645255055377,0
0.0,1,1,1,1,0,0,0.2621645255055377,0
0.954472632,1,1,1,1,0,0,0.22866045289723455,0
0.496536791,1,1,1,1,0,0,0.24473500040380822,0
0.897694853,1,1,1,1,0,0,0.23065347686290671,0
0.532784281,1,1,1,1,0,0,0.24346263439129717,0
0.304002133,1,1,1,1,0,0,0.2514933871243683,0
0.361610641,1,-1,1,1,0,2,0.24947120275765294,0
1.193686931,1,1,1,1,0,0,0.22026350889492569,0
0.725071,1,1,1,1,0,0,0.23671295087078698,0
0.578082027,1,1,1,1,0,0,0.24187258464016248,0
0.0,1,1,1,1,0,0,0.2621645255055377,0
0.0,1,1,1,1,0,0,0.2621645255055377,0
0.793937519,1,1,1,1,0,0,0.2342955857463178,0
0.0,1,1,1,1,0,0,0.2621645255055377,0
0.0,1,1,1,1,0,0,0.2621645255055377,0
-0.481876583,1,1,1,1,0,0,0.27907944530920276,0
0.0,1,1,1,1,0,0,0.2621645255055377,0
0.0,1,1,1,1,0,0,0.2621645255055377,0
0.333151502,1,1,1,1,0,0,0.2504701806512651,0
0.0,1,1,1,1,0,0,0.2621645255055377,0
0.0,1,1,1,1,0,0,0.2621645255055377,0
0.0,1,1,1,1,0,0,0.2621645255055377,0
0.0,1,1,1,1,0,0,0.2621645255055377,0
0.0,1,1,1,1,0,0,0.2621645255055377,0
0.0,1,1,1,1,0,0,0.2621645255055377,0
-0.512315972,1,1,1,1,0,0,0.28014793429989426,0
0.546239144,1,1,1,1,0,0,0.24299033933350994,0
0.0,1,1,1,1,0,0,0.2621645255055377,0
0.0,1,1,1,1,0,0,0.2621645255055377,0
-0.683827432,1,1,1,1,0,0,0.28616836088557357,0
0.885735042,1,1,1,1,0,0,0.2310732923324042,0
0.278097339,1,1,1,1,0,0,0.2524027019333854,0
0.377539187,1,1,1,1,0,0,0.248912076027523,0
0.0,1,1,1,1,0,0,0.2621645255055377,0
0.309563152,1,1,1,1,0,0,0.25129818322002817,0
0.0,1,1,1,1,0,0,0.2621645255055377,0
0.0,1,1,1,1,0,0,0.2621645255055377,0
0.0,1,1,1,1,0,0,0.2621645255055377,0
0.714402834,1,1,1,1,0,0,0.23708742678164937,0
0.0,1,1,1,1,0,0,0.2621645255055377,0
0.793630081,1,1,1,1,0,0,0.23430637749112979,0
0.0,1,1,1,1,0,0,0.2621645255055377,0
0.519745214,1,1,1,1,0,0,0.24392033410197103,0
0.613138361,1,1,1,1,0,0,0.24064203080306,0
0.0,1,1,1,1,0,0,0.2621645255055377,0
0.0,1,1,1,1,0,0,0.2621645255055377,0
0.0,1,1,1,1,0,0,0.2621645255055377,0
-1.887534902,1,-1,-1,1,1,11,0.3284211202858419,0
0.561939397,1,1,1,1,0,0,0.24243922618595065,0
-0.59743737,1,1,1,1,0,0,0.28313588115504545,0
-1.576961063,1,1,-1,1,0,1,0.3175193006807142,0
-0.583683368,1,1,1,1,0,0,0.2826530856654596,0
1.245672151,1,1,1,1,0,0,0.21843871421035835,0
-0.589717293,1,1,1,1,0,0,0.2828648896025609,0
1.14386408,1,1,1,1,0,0,0.22201239970802203,0
0.772562247,1,1,1,1,0,0,0.23504590444703277,0
1.887695083,1,1,1,1,0,0,0.19590230802252365,0
-1.949382949,-1,1,-1,1,1,12,0.3305921217246446,0
0.0,1,1,1,1,0,0,0.2621645255055377,0
-0.920145038,1,-1,-1,1,1,-1,0.2944636246412811,0
0.065959403,1,-1,1,1,0,2,0.2598492064977191,0
2.222660574,1,1,1,1,0,0,0.18414428819515163,0
2.795187061,1,1,1,1,0,0,0.16404735890925803,0
2.955292906,1,1,1,1,0,0,0.15842729430389205,0
1.768417799,1,1,1,1,0,0,0.20008920102466599,0
-0.604348708,1,1,1,1,0,0,0.2833784842034821,0
-3.196648526,-1,-1,-1,1,1,13,0.3743738657502241,0
1.805412801,1,1,1,1,0,0,0.19879059570944063,0
0.125176427,1,1,1,1,0,0,0.2577705597086683,0
1.220806455,1,1,1,1,0,0,0.21931155441164762,0
3.872730061,1,1,1,1,0,0,0.12622324777165464,0
-1.266666179,1,1,-1,1,0,1,0.3066272730049317,0
-1.393029927,1,1,-1,1,0,1,0.3110629163603394,0
-1.674925657,1,1,-1,1,0,1,0.32095807174693264,0
-1.439389513,1,1,-1,1,0,1,0.31269023901303844,0
12.0759264,1,1,1,1,0,3,0.16172684796458733,0
2.082721864,1,1,1,1,0,0,0.18905644234537383,0
3.674700657,1,1,1,1,0,0,0.13317451206960781,0
4.940907041,1,1,1,1,0,0,0.08872790437825913,0
3.601433802,1,1,1,1,0,0,0.1357463385918187,0
2.655954384,1,1,1,1,0,0,0.16893472976019766,0
2.534468698,1,1,1,1,0,0,0.1731991424925823,0
2.539873904,1,1,1,1,0,0,0.17300940796461864,0
2.49549488,1,1,1,1,0,0,0.17456720856835725,0
3.484274593,1,1,1,1,0,0,0.1398588825385658,0
0.0,1,1,1,1,0,0,0.2621645255055377,0
2.185089819,1,1,1,1,0,0,0.18546310369731134,0
-1.562562091,1,1,-1,1,0,1,0.31701386533642145,0
-0.620396766,1,1,1,1,0,0,0.28394180606565805,0
5.001702579,1,1,1,1,0,0,0.08659384830255507,0
3.594356903,1,1,1,1,0,0,0.13599475319270754,0
-0.787404801,1,1,1,1,0,0,0.28980415260469433,0
6.681300989,1,1,1,1,0,0,0.02763627823214304,0
5.382587633,1,1,1,1,0,0,0.07322395159017507,0
8.62697655,1,1,1,1,0,0,0.040661180576445424,0
0.630003133,1,1,1,1,0,0,0.2400500404969299,0
1.317069099,1,1,1,1,0,0,0.21593252550509304,0
-0.420805952,1,1,1,1,0,0,0.27693573286878265,0
-1.612939234,1,1,-1,1,0,1,0.31878221300851156,0
2.01649188,1,1,1,1,0,0,0.19138125933686068,0
-1.07655659,1,1,1,1,0,0,0.29995401149920975,0
-1.621197439,1,1,-1,1,0,1,0.31907209402831044,0
-3.066995169,-1,-1,-1,1,1,13,0.3698227499390394,0
7.926803876,1,1,1,1,0,0,0.016083591527201953,0
-1.788794905,1,1,-1,1,0,1,0.3249551308819345,0
3.010158186,1,1,1,1,0,0,0.15650140322732642,0
-3.144694255,-1,-1,-1,1,1,13,0.3725501574431058,0
0.421180766,1,-1,1,1,0,2,0.24738016135282648,0
0.044845799,1,-1,1,1,0,2,0.26059034008051934,0
-0.261482944,1,1,1,1,0,0,0.271343147550731,0
0.0,1,1,1,1,0,0,0.2621645255055377,0
-2.054733493,-1,1,-1,1,1,12,0.3342901557563844,0
-1.243919859,1,1,-1,1,0,1,0.3058288275269772,0
-2.011853153,-1,1,-1,1,1,12,0.3327849622320626,0
-0.598946397,1,1,1,1,0,0,0.2831888512963369,0
7.000081558,1,1,1,1,0,0,0.01644638449206545,0
2.052699275,1,1,1,1,0,0,0.19011030074636068,0
5.345037212,1,1,1,1,0,0,0.07454205332455391,0
1.146136235,1,1,1,1,0,0,0.22193264210833286,0
1.763916426,1,1,1,1,0,0,0.20024720904163032,0
4.584880687,1,1,1,1,0,0,0.10122520646421926,0
0.647679847,1,1,1,1,0,0,0.23942954925446103,0
0.0,1,1,1,1,0,0,0.2621645255055377,0
-1.12089104,1,1,-1,1,0,1,0.30151024745826155,0
-0.604132743,1,1,1,1,0,0,0.28337090336061843,0
1.733866371,1,1,1,1,0,0,0.20130203155916426,0
0.0,1,1,1,1,0,0,0.2621645255055377,0
2.149585622,1,1,1,1,0,0,0.1867093785032164,0
1.07399029,1,1,1,1,0,0,0.22446512224305362,0
0.0,1,1,1,1,0,0,0.2621645255055377,0
0.292923608,1,1,1,1,0,0,0.2518822675317773,0
3.33250511,1,1,1,1,0,0,0.14518632264284803,0
3.674829483,1,1,1,1,0,0,0.1331699899958331,0
-0.49987893,1,1,1,1,0,0,0.2797113669806958,0
0.304618964,1,1,1,1,0,0,0.2514717350099774,0
0.958483372,1,1,1,1,0,0,0.2285196671694223,0
-1.410468042,1,1,-1,1,0,1,0.3116750322571438,0
0.690954274,1,1,1,1,0,0,0.23791052241630783,0
0.786303966,1,1,1,1,0,0,0.2345635401175557,0
1.351103845,1,1,1,1,0,0,0.21473783163650118,0
1.216338973,1,-1,1,1,0,2,0.2194683727805417,0
5.891880114,1,1,1,1,0,0,0.055346673928968255,0
25.05031951,-1,1,-1,-1,1,9,0.6171563639426929,1
66.06556717,-1,-1,-1,-1,1,-1,2.056881076393303,1
71.85948137,-1,-1,-1,-1,1,-1,2.260260110568773,1
42.03217918,-1,1,-1,-1,1,-1,1.2132567028444956,1
17.31142729,-1,1,1,-1,0,6,0.3455043561701824,0
4.277550058,1,1,1,1,0,0,0.11201318231974015,0
3.426662597,1,1,1,1,0,0,0.14188118934169397,0
3.080220514,1,1,1,1,0,0,0.15404206259699316,0
3.34723454,1,1,1,1,0,0,0.14466928750150004,0
2.110474201,1,1,1,1,0,0,0.18808227474462264,0
3.898105286,1,1,1,1,0,0,0.125332521990371,0
1.324168729,1,1,1,1,0,0,0.21568331299649166,0
2.833946682,1,1,1,1,0,0,0.162686811615688,0
8.706540576,1,1,1,1,0,0,0.04345405154491644,0
2.121485035,1,1,1,1,0,0,0.18769577043905553,0
1.579270772,1,1,1,1,0,0,0.20672867450330698,0
2.140124953,1,1,1,1,0,0,0.18704146863390453,0
1.888597203,1,1,1,1,0,0,0.195870641641563,0
0.0,1,1,1,1,0,0,0.2621645255055377,0
-1.030858202,1,1,1,1,0,0,0.2983498983394367,0
0.982239025,1,1,1,1,0,0,0.22768579190020485,0
-0.488565624,1,1,1,1,0,0,0.2793142452477555,0
2.201369163,1,1,1,1,0,0,0.1848916631917322,0
2.965320363,1,1,1,1,0,0,0.1580753086773365,0
0.0,1,1,1,1,0,0,0.2621645255055377,0
2.194526296,1,1,1,1,0,0,0.1851318627586245,0
3.129604018,1,1,1,1,0,0,0.1523085938225124,0
3.663125244,1,1,1,1,0,0,0.13358083433032097,0
1.435235258,1,1,1,1,0,0,0.21178463541558415,0
2.007233888,1,1,1,1,0,0,0.1917062350624874,0
2.413833727,1,1,1,1,0,0,0.17743369327170258,0
-0.508950158,1,1,1,1,0,0,0.28002978688229285,0
6.924899253,1,1,1,1,0,0,0.019085447489923697,0
3.661879374,1,1,1,1,0,0,0.13362456708654788,0
0.910728177,1,1,1,1,0,0,0.23019597874406747,0
1.455992844,1,1,1,1,0,0,0.21105599884162618,0
3.532080782,1,1,1,1,0,0,0.13818078096322142,0
5.360363039,1,1,1,1,0,0,0.07400408334681412,0
3.84236898,1,1,1,1,0,0,0.1272889879806317,0
1.565485955,1,1,1,1,0,0,0.20721255166664948,0
0.855446099,1,1,1,1,0,0,0.23213650034013342,0
-0.433406008,1,1,1,1,0,0,0.2773780223351743,0
0.130895265,1,1,1,1,0,0,0.2575698160129736,0
1.088736364,1,1,1,1,0,0,0.22394750286097856,0
4.854596018,1,1,1,1,0,0,0.0917576096673773,0
3.813344581,1,1,1,1,0,0,0.12830780773397624,0
1.506689603,1,1,1,1,0,0,0.20927643195034454,0
0.609014662,1,1,1,1,0,0,0.24078678163831577,0
1.185568,1,1,1,1,0,0,0.22054850109334612,0
0.0,1,1,1,1,0,0,0.2621645255055377,0
4.197326669,1,1,1,1,0,0,0.11482919836863213,0
5.428974021,1,1,1,1,0,0,0.07159568812877817,0
0.870497832,1,1,1,1,0,0,0.2316081516600292,0
-0.494852119,1,1,1,1,0,0,0.2795349149431143,0
1.888820337,1,1,1,1,0,0,0.1958628091511523,0
0.98098801,1,1,1,1,0,0,0.22772970525716119,0
4.871280391,1,1,1,1,0,0,0.09117195175988475,0
2.00012369,1,1,1,1,0,0,0.19195581853095445,0
3.66973642,1,1,1,1,0,0,0.1333487676232158,0
1.099091962,1,1,1,1,0,0,0.22358399876912483,0
2.161511483,1,1,1,1,0,0,0.18629075475281795,0
3.364516196,1,1,1,1,0,0,0.14406266365708195,0
0.0,1,1,1,1,0,0,0.2621645255055377,0
0.451278605,1,1,1,1,0,0,0.24632366151259955,0
2.938316414,1,1,1,1,0,0,0.1590232062258614,0
1.415481023,1,1,1,1,0,0,0.2124780521795354,0
1.713481244,1,1,1,1,0,0,0.2020175940092959,0
0.0,1,1,1,1,0,0,0.2621645255055377,0
-1.921368482,1,-1,-1,1,1,11,0.32960875278877033,0
-0.749242289,1,1,1,1,0,0,0.2884645651402701,0
2.492595314,1,1,1,1,0,0,0.17466898966352917,0
144.7804629,-1,-1,-1,-1,1,-1,4.8199457190817006,1
113.4350999,-1,1,-1,-1,1,-1,3.7196550636178145,1
171.7956712,-1,-1,-1,-1,1,-1,5.768238493611075,1
67.06167188,-1,-1,-1,-1,1,-1,2.091846525805281,1
180.3519508,-1,-1,-1,-1,1,-1,6.068582582445404,1
237.4738055,-1,-1,-1,-1,1,-1,8.07368435616472,1
150.9482514,-1,-1,-1,-1,1,-1,5.0364485572025295,1
85.3665262,-1,-1,-1,-1,1,-1,2.734386864480692,1
48.76233122,-1,1,-1,-1,1,-1,1.449499728629943,1
151.2232746,-1,-1,-1,-1,1,-1,5.046102471786188,1
77.61744989,-1,-1,-1,-1,1,-1,2.4623773729214604,1
104.2889992,-1,-1,-1,-1,1,-1,3.398606966834195,1
46.22488219,-1,1,-1,-1,1,-1,1.3604297294589365,1
24.98315263,-1,1,-1,-1,1,9,0.6147986598567435,1
16.70614291,-1,1,1,-1,0,6,0.32425755334284706,0
12.06992511,1,1,1,1,0,3,0.16151618958721492,0
11.1999314,1,1,1,1,0,3,0.13097751152419945,0
20.42916591,-1,1,1,-1,0,7,0.45494378648607525,0
29.71833167,-1,-1,-1,-1,1,-1,0.7810137791284666,1
20.54987978,-1,1,1,-1,0,7,0.4591811067923,0
2.128776788,1,1,1,1,0,0,0.18743981399382784,0
2.034347111,1,1,1,1,0,0,0.19075450175806186,0
4.638494141,1,1,1,1,0,0,0.0993432572124801,0
-0.557819085,1,1,1,1,0,0,0.28174519288096145,0
-0.378434951,1,1,1,1,0,0,0.2754484182550405,0
-0.666220747,1,1,1,1,0,0,0.2855503278138495,0
-0.026045286,1,-1,1,1,0,2,0.26307877189039164,0
-0.359664271,1,1,1,1,0,0,0.27478952641828935,0
0.252166657,1,-1,1,1,0,2,0.25331292546770545,0
0.206888277,1,1,1,1,0,0,0.25490229542997206,0
0.0,1,1,1,1,0,0,0.2621645255055377,0
-1.370321326,1,1,-1,1,0,1,0.31026579490161016,0
-1.940517718,1,-1,-1,1,1,11,0.33028093276735515,0
-1.378295145,1,1,-1,1,0,1,0.3105456933521102,0
-1.348406667,1,1,-1,1,0,1,0.30949654253993303,0
-2.436509605,-1,1,-1,1,1,12,0.3476913305493812,0
-0.831463003,1,1,1,1,0,0,0.29135069165600924,0
-3.488689459,-1,-1,-1,1,1,13,0.3846251399049645,0
-2.209189222,-1,1,-1,1,1,12,0.33971188895824783,0
-2.927890409,-1,-1,-1,1,1,13,0.3649398692539906,0
-2.506720697,-1,1,-1,1,1,12,0.35015589312080564,0
-0.80134894,1,1,1,1,0,0,0.29029362231797184,0
-1.657396395,1,1,-1,1,0,1,0.32034275639149146,0
-2.3709958,-1,1,-1,1,1,12,0.3453916530039215,0
-0.532523963,1,1,1,1,0,0,0.2808572788898101,0
-0.796014661,1,1,1,1,0,0,0.29010637748251283,0
-2.153423502,-1,1,-1,1,1,12,0.33775439047238837,0
-2.030762017,-1,1,-1,1,1,12,0.33344870462881326,0
-1.693957069,1,1,-1,1,0,1,0.32162611584595563,0
-5.091841768,-1,-1,-1,1,1,-1,0.4408992849795661,0
-3.898612087,-1,-1,-1,1,1,13,0.3990143188419447,0
-3.054673891,-1,-1,-1,1,1,13,0.3693902461889067,0
-7.415296604,-1,-1,-1,1,1,-1,0.5224576208789837,0
-2.93632558,-1,-1,-1,1,1,13,0.3652359621666341,0
-1.939447618,1,-1,-1,1,1,11,0.3302433699217626,0
-2.0335521,-1,1,-1,1,1,12,0.33354664263172834,0
-3.817594985,-1,-1,-1,1,1,13,0.39617044173440047,0
-2.893813461,-1,-1,-1,1,1,13,0.36374369400308887,0
-3.652137487,-1,-1,-1,1,1,13,0.3903625224282551,0
-2.165486109,-1,1,-1,1,1,12,0.3381778143058477,0
-3.510783257,-1,-1,-1,1,1,13,0.38540068043652914,0
-1.567370403,1,1,-1,1,0,1,0.31718264758220865,0
-0.617118135,1,1,1,1,0,0,0.2838267189616416,0
-1.896334787,1,-1,-1,1,1,11,0.3287300154559077,0
-0.977345478,1,1,1,1,0,0,0.2964714849305501,0
1.311597903,1,1,1,1,0,0,0.2161245764260861,0
-0.382611152,1,1,1,1,0,0,0.27559501202508685,0
-0.726260255,1,1,1,1,0,0,0.2876578455864479,0
0.353508687,1,-1,1,1,0,2,0.2497555990263195,0
-0.578117617,1,1,1,1,0,0,0.2824577156575914,0
-0.357029363,1,1,1,1,0,0,0.2746970353965581,0
1.13102497,1,1,1,1,0,0,0.2224630804915712,0
-2.760954377,-1,-1,-1,1,1,13,0.3590800501774075,0
-2.08059381,-1,1,-1,1,1,12,0.3351979093256263,0
-0.96543839,1,1,1,1,0,0,0.2960535201534255,0
-1.009616779,1,1,1,1,0,0,0.2976042780307596,0
-2.690265395,-1,-1,-1,1,1,13,0.35659871262394366,0
-2.4005009,-1,1,-1,1,1,12,0.34642734641154055,0
-5.226795643,-1,-1,-1,1,1,-1,0.4456364605414233,0
-0.919018729,1,-1,-1,1,1,-1,0.2944240887371072,0
-2.100712314,-1,1,-1,1,1,12,0.3359041127265284,0
-1.671711348,1,1,-1,1,0,1,0.32084524248550494,0
-1.604960039,1,1,-1,1,0,1,0.31850212584867793,0
-3.894619913,-1,-1,-1,1,1,13,0.3988741848212544,0
0.0,1,1,1,1,0,0,0.2621645255055377,0
-0.607113513,1,1,1,1,0,0,0.2834755348934256,0
-0.478535749,1,1,1,1,0,0,0.27896217474412244,0
-0.812217387,1,1,1,1,0,0,0.29067512852906613,0
-0.847368958,1,-1,1,1,0,-1,0.2919090253927322,0
0.0,1,1,1,1,0,0,0.2621645255055377,0
-0.640747859,1,1,1,1,0,0,0.2846561738481073,0
0.0,1,1,1,1,0,0,0.2621645255055377,0
-0.625572227,1,1,1,1,0,0,0.284123476042682,0
0.0,1,1,1,1,0,0,0.2621645255055377,0
0.0,1,1,1,1,0,0,0.2621645255055377,0
1.131381408,1,1,1,1,0,0,0.22245056873981217,0
-1.803889554,1,1,-1,1,0,1,0.3254849860073069,0
2.327068447,1,1,1,1,0,0,0.18047934397297882,0
11.96707446,1,1,1,1,0,3,0.15790590729112577,0
1.433695566,1,1,1,1,0,0,0.2118386819653048,0
1.243984494,1,1,1,1,0,0,0.21849795465452637,0
5.048702911,1,1,1,1,0,0,0.0849440340667684,0
2.941598122,1,1,1,1,0,0,0.15890801111242914,0
1.981899755,1,1,1,1,0,0,0.19259551842488393,0
1.886044234,1,1,1,1,0,0,0.19596025642555479,0
0.0,1,1,1,1,0,0,0.2621645255055377,0
-0.721356847,1,1,1,1,0,0,0.28748572526350485,0
1.724877304,1,1,1,1,0,0,0.20161756743033726,0
1.902036796,1,1,1,1,0,0,0.19539888259410396,0
0.0,1,1,1,1,0,0,0.2621645255055377,0
0.0,1,1,1,1,0,0,0.2621645255055377,0
-1.298947102,1,1,-1,1,0,1,0.30776040385834214,0
-1.658778902,1,1,-1,1,0,1,0.32039128540464135,0
2.984383606,1,1,1,1,0,0,0.15740614724073937,0
3.524377454,1,1,1,1,0,0,0.1384511845892497,0
2.703966757,1,1,1,1,0,0,0.1672493906764376,0
5.167525444,1,1,1,1,0,0,0.08077310381726231,0
6.847348848,1,1,1,1,0,0,0.021807635966380006,0
4.49602807,1,1,1,1,0,0,0.10434412725000218,0
10.14142808,1,1,1,1,0,3,0.0938217347104647,0
12.29397953,1,1,1,1,0,3,0.16938098874878088,0
7.894196538,1,1,1,1,0,0,0.014939002794860507,0
7.664517617,1,1,1,1,0,0,0.00687677137219909,0
3.874882996,1,1,1,1,0,0,0.12614767505417418,0
6.784791704,1,1,1,1,0,0,0.02400352825755268,0
10.20771467,1,1,1,1,0,3,0.09614853869609935,0
8.479820902,1,-1,1,1,0,14,0.03549569615078627,0
5.243856865,1,1,1,1,0,0,0.07809370433975173,0
2.682511667,1,1,1,1,0,0,0.16800251116316275,0
3.437944701,1,1,1,1,0,0,0.1414851628670549,0
2.278431312,1,1,1,1,0,0,0.18218661356653992,0
3.306626151,1,1,1,1,0,0,0.14609473058697783,0
3.204328612,1,1,1,1,0,0,0.14968559747975085,0
4.417338771,1,1,1,1,0,0,0.10710629339160037,0
5.883465733,1,1,1,1,0,0,0.055642037067235715,0
4.494685306,1,1,1,1,0,0,0.10439126119710926,0
7.830250215,1,1,1,1,0,0,0.012694347288775765,0
9.627670238,1,1,1,1,0,3,0.07578771313209307,0
6.1831119,1,1,1,1,0,0,0.04512380259996632,0
8.023550679,1,1,1,1,0,0,0.019479615471378477,0
28.3327311,-1,-1,-1,-1,1,10,0.732376174919626,1
20.01367893,-1,1,1,-1,0,7,0.4403592866491805,0
18.56626427,-1,1,1,-1,0,6,0.3895518729663517,0
15.50882206,-1,-1,1,-1,1,8,0.28222897824396953,0
6.076420589,1,1,1,1,0,0,0.04886890047975453,0
5.232594119,1,1,1,1,0,0,0.07848905130634017,0
7.513598065,1,1,1,1,0,0,0.0015791657010701446,0
3.714271394,1,1,1,1,0,0,0.13178549283410176,0
9.96655823,1,1,1,1,0,3,0.08768342130578753,0
13.36632287,1,1,1,-1,0,4,0.20702258047164374,0
10.69131632,1,1,1,1,0,3,0.11312401211658318,0
20.84563322,-1,1,1,-1,0,7,0.4695626980456314,0
35.80525969,-1,1,-1,-1,1,-1,0.9946782379157931,1
41.406383,-1,1,-1,-1,1,-1,1.191289891068253,1
2.769690297,1,1,1,1,0,0,0.16494235097471183,0
3.882484565,1,1,1,1,0,0,0.12588084339114436,0
10.85062618,1,1,1,1,0,3,0.11871613591113807,0
6.011833368,1,1,1,1,0,0,0.051136052904458655,0
4.274763536,1,1,1,1,0,0,0.11211099532378305,0
4.122144435,1,1,1,1,0,0,0.11746825887423543,0
2.4947151,1,1,1,1,0,0,0.1745945805482995,0
6.476095136,1,1,1,1,0,0,0.03483945155326223,0
1.330374356,1,1,1,1,0,0,0.2154654819444348,0
2.313374299,1,1,1,1,0,0,0.18096003845652775,0
-0.327909324,1,-1,1,1,0,2,0.27367485847047035,0
2.624187896,1,1,1,1,0,0,0.17004980282230595,0
2.316367783,1,1,1,1,0,0,0.1808549606345711,0
3.220035281,1,1,1,1,0,0,0.14913425911658806,0
2.381989099,1,1,1,1,0,0,0.17855150921835866,0
2.561869121,1,1,1,1,0,0,0.17223732784131612,0
3.897187146,1,1,1,1,0,0,0.12536475070829678,0
4.966658109,1,1,1,1,0,0,0.08782398568736328,0
4.911085491,1,1,1,1,0,0,0.08977470587155972,0
2.898074512,1,1,1,1,0,0,0.16043578481774734,0
8.322391211,1,-1,1,1,0,14,0.02996957039177471,0
6.262982095,1,1,1,1,0,0,0.042320184431353054,0
7.463019173,1,1,1,1,0,0,0.00019626380125582733,0
6.600542149,1,1,1,1,0,0,0.030471089779806525,0
7.554242481,1,1,1,1,0,0,0.0030058734128802452,0
7.88231994,1,1,1,1,0,0,0.014522108283283125,0
9.254407869,1,-1,1,1,0,14,0.06268538930043052,0
4.335998312,1,1,1,1,0,0,0.10996152103560126,0
5.278511733,1,1,1,1,0,0,0.07687724283548601,0
8.84336809,1,1,1,1,0,0,0.048256995925064605,0
4.562919389,1,1,1,1,0,0,0.10199609595659034,0
4.366835373,1,1,1,1,0,0,0.10887907288975368,0
3.239140594,1,1,1,1,0,0,0.14846362093116927,0
6.892237116,1,1,1,1,0,0,0.020231959786769046,0
5.770976045,1,1,1,1,0,0,0.05959067063521985,0
5.019324309,1,1,1,1,0,0,0.08597528711849388,0
6.494480226,1,1,1,1,0,0,0.03419409476709697,0
5.761195842,1,1,1,1,0,0,0.0599339771067206,0
5.039118135,1,1,1,1,0,0,0.0852804806240316,0
0.986497671,1,1,1,1,0,0,0.22753630413071474,0
3.668470902,1,1,1,1,0,0,0.13339319006712627,0
2.996587457,1,1,1,1,0,0,0.15697776543460196,0
5.186277753,1,1,1,1,0,0,0.08011485684270754,0
5.433650636,1,1,1,1,0,0,0.0714315287351319,0
5.57534946,1,1,1,1,0,0,0.06645759074189757,0
1.879166581,1,1,1,1,0,0,0.19620167705697078,0
6.961346749,1,1,1,1,0,0,0.017806060830281044,0
4.161730653,1,1,1,1,0,0,0.11607869622184067,0
4.156720411,1,1,1,1,0,0,0.11625456665135883,0
4.787303967,1,1,1,1,0,0,0.09411970752862393,0
1.90606601,1,1,1,1,0,0,0.19525744838857045,0
2.57750719,1,1,1,1,0,0,0.1716883974878792,0
0.261988615,1,-1,1,1,0,2,0.25296815330457056,0
1.512744142,1,1,1,1,0,0,0.20906390441685124,0
0.465481609,1,1,1,1,0,0,0.24582510507282512,0
1.445207552,1,1,1,1,0,0,0.21143458613072694,0
0.0,1,1,1,1,0,0,0.2621645255055377,0
2.351948911,1,1,1,1,0,0,0.17960598538265699,0
1.333637187,1,1,1,1,0,0,0.21535094945490332,0
4.06459262,1,1,1,1,0,0,0.119488453192913,0
4.001286217,1,1,1,1,0,0,0.12171064611031299,0
4.294901915,1,1,1,1,0,0,0.11140409426700186,0
4.137905815,1,1,1,1,0,0,0.11691500003556078,0
3.62752824,1,1,1,1,0,0,0.13483036686448593,0
3.496163807,1,1,1,1,0,0,0.1394415451778528,0
4.651379833,1,1,1,1,0,0,0.09889094129906138,0
5.077171623,1,1,1,1,0,0,0.08394472013996232,0
3.404316302,1,1,1,1,0,0,0.14266559306905677,0
7.388273792,1,1,1,1,0,0,0.0028199898130869365,0
7.642631935,1,1,1,1,0,0,0.006108536166466942,0
5.491565016,1,1,1,1,0,0,0.06939860759362257,0
2.522344313,1,1,1,1,0,0,0.17362473486867785,0
2.147931845,1,1,1,1,0,0,0.18676742968543822,0
5.188064894,1,1,1,1,0,0,0.08005212429300644,0
0.993830265,1,1,1,1,0,0,0.22727891407724782,0
2.269502384,1,1,1,1,0,0,0.18250003842755397,0
6.217495312,1,1,1,1,0,0,0.043916869793778554,0
5.146409119,1,1,1,1,0,0,0.0815143329131014,0
8.400688741,1,-1,1,1,0,14,0.03271798458640068,0
3.834817016,1,1,1,1,0,0,0.12755407839989402,0
2.889428986,1,1,1,1,0,0,0.1607392616500102,0
3.910471052,1,1,1,1,0,0,0.12489845661433906,0
8.968720196,1,-1,1,1,0,14,0.05265712843826976,0
8.704791598,1,1,1,1,0,0,0.04339265859980963,0
5.761699755,1,1,1,1,0,0,0.0599162886605837,0
24.98374978,-1,1,-1,-1,1,9,0.6148196211250789,1
13.24313897,1,1,1,-1,0,4,0.20269855672134943,0
7.341360217,1,1,1,1,0,0,0.004466758688818371,0
0.0,1,1,1,1,0,0,0.2621645255055377,0
7.232993547,1,1,1,1,0,0,0.008270665326133058,0
6.33471192,1,1,1,1,0,0,0.0398023110168528,0
5.634783065,1,1,1,1,0,0,0.06437134148703869,0
0.0,1,1,1,1,0,0,0.2621645255055377,0
2.202524181,1,1,1,1,0,0,0.1848511195389982,0
0.980230914,1,1,1,1,0,0,0.22775628097919348,0
4.782124417,1,1,1,1,0,0,0.09430152103847249,0
13.18563067,1,1,1,1,0,3,0.20067988987414737,0
3.694104075,1,1,1,1,0,0,0.13249340974804721,0
3.550844309,1,1,1,1,0,0,0.13752214021238232,0
7.724246159,1,1,1,1,0,0,0.008973373559485371,0
9.780701737,1,1,1,1,0,3,0.08115945275244234,0
11.93756636,1,1,1,1,0,3,0.15687010857695893,0
10.51216061,1,1,1,1,0,3,0.1068352556716188,0
13.37345946,1,1,1,-1,0,4,0.20727309035691377,0
13.74731926,1,1,1,-1,0,4,0.2203963853206249,0
13.99996416,1,1,1,-1,0,4,0.2292647727315669,0
12.33425533,1,1,1,1,0,3,0.1707947572344523,0
14.45731072,1,1,1,-1,0,4,0.2453186351888801,0
11.22968108,1,1,1,1,0,3,0.13202179022363708,0
10.56297283,1,1,1,1,0,3,0.10861887549600478,0
6.658802407,1,1,1,1,0,0,0.028426027565586355,0
8.638282707,1,1,1,1,0,0,0.041058051363882395,0
8.146034105,1,1,1,1,0,0,0.023779051055423328,0
10.61690471,1,1,1,1,0,3,0.11051200219533827,0
14.54882666,1,1,1,-1,0,4,0.24853104442491267,0
7.246436432,1,1,1,1,0,0,0.007798790722288926,0
7.662802373,1,1,1,1,0,0,0.006816562564119882,0
9.235501735,1,-1,1,1,0,14,0.06202174273263841,0
7.253548849,1,1,1,1,0,0,0.007549129362078722,0
7.555528096,1,1,1,1,0,0,0.003051001305354284,0
7.961538974,1,1,1,1,0,0,0.017302869279577065,0
4.996123933,1,1,1,1,0,0,0.08678967095306771,0
3.883080129,1,1,1,1,0,0,0.12585993779487065,0
4.568374783,1,1,1,1,0,0,0.10180459972028663,0
9.718956196,1,1,1,1,0,3,0.07899204949796859,0
6.777344005,1,1,1,1,0,0,0.024264958747746965,0
7.749763005,1,1,1,1,0,0,0.009869070546969977,0
7.849204954,1,1,1,1,0,0,0.0133596999981528,0
8.350670737,1,-1,1,1,0,14,0.03096224347706482,0
12.15057164,1,1,1,1,0,3,0.16434705880875142,0
11.44481419,1,-1,1,1,0,-1,0.139573431932616,0
10.16010056,1,1,1,1,0,3,0.09447717951288526,0
9.720617571,1,1,1,1,0,3,0.0790503673865737,0
10.99250994,1,1,1,1,0,3,0.12369656556161235,0
11.54576811,1,1,1,1,0,3,0.1431171348659158,0
20.35436104,-1,1,1,-1,0,7,0.452317972280504,0
12.09228342,1,1,1,1,0,3,0.16230101506730155,0
12.68783837,1,1,1,1,0,3,0.18320629366625288,0
9.585914384,1,1,1,1,0,3,0.0743219915206664,0
11.6396609,1,1,1,1,0,3,0.14641297672464415,0
7.992145936,1,1,1,1,0,0,0.018377240448312245,0
12.82018122,1,1,1,1,0,3,0.1878518165518057,0
2.634488637,1,1,1,1,0,0,0.16968822433088274,0
4.747368914,1,1,1,1,0,0,0.09552151505088342,0
4.771020881,1,1,1,1,0,0,0.09469127938657032,0
4.012125131,1,1,1,1,0,0,0.1213301765719772,0
1.660704918,1,1,1,1,0,0,0.20387015824112553,0
3.304322104,1,1,1,1,0,0,0.14617560766547427,0
-1.483648191,1,1,-1,1,0,1,0.3142438152095108,0
0.748729999,1,1,1,1,0,0,0.2358824683679259,0
1.141498727,1,1,1,1,0,0,0.22209542876092447,0
9.746003309,1,1,1,1,0,3,0.07994146219710294,0
5.772455002,1,1,1,1,0,0,0.05953875601655895,0
1.101847111,1,1,1,1,0,0,0.2234872870258564,0
25.42192503,-1,1,-1,-1,1,9,0.6302005287582287,1
13.06128519,1,1,1,1,0,3,0.19631509213059684,0
2.601975029,1,1,1,1,0,0,0.17082952293564974,0
1.2954519,1,1,1,1,0,0,0.21669133637153615,0
0.497969349,1,1,1,1,0,0,0.24468471449131743,0
3.77742952,1,1,1,1,0,0,0.12956850476303014,0
1.068607165,1,1,1,1,0,0,0.22465408167972353,0
0.411359209,1,1,1,1,0,0,0.24772491943998617,0
-0.272726557,1,1,1,1,0,0,0.27173782290725995,0
-1.096668989,1,1,-1,1,0,1,0.3006600006012872,0
-1.438340939,1,1,-1,1,0,1,0.3126534317770284,0
-2.228376001,-1,1,-1,1,1,12,0.34038538677807373,0
-1.997480999,-1,1,-1,1,1,12,0.33228046825810265,0
0.0,1,1,1,1,0,0,0.2621645255055377,0
-0.013410221,1,-1,1,1,0,2,0.26263525353168965,0
0.431814453,1,1,1,1,0,0,0.2470068957301177,0
-0.463585854,1,1,1,1,0,0,0.2784374008000891,0
-1.198414006,1,1,-1,1,0,1,0.30423147276592966,0
-1.433295849,1,1,-1,1,0,1,0.3124763381066512,0
-0.701806791,1,1,1,1,0,0,0.2867994756280932,0
-1.091234127,1,1,-1,1,0,1,0.3004692250829965,0
1.00255643,1,1,1,1,0,0,0.2269726066400828,0
-0.576886888,1,1,1,1,0,0,0.2824145143835112,0
1.857890863,1,1,1,1,0,0,0.19694850119499988,0
0.56963996,1,1,1,1,0,0,0.2421689196174572,0
-0.316595031,1,-1,1,1,0,2,0.27327770209167584,0
-0.584564415,1,1,1,1,0,0,0.2826840123381264,0
0.513973381,1,1,1,1,0,0,0.24412293803783222,0
-0.029639561,1,-1,1,1,0,2,0.26320493878773044,0
2.61740817,1,1,1,1,0,0,0.17028778600228714,0
0.462965327,1,1,1,1,0,0,0.2459134320630441,0
0.428767572,1,-1,1,1,0,2,0.24711384790331828,0
-0.138842713,1,1,1,1,0,0,0.26703820776894477,0
0.875396428,1,1,1,1,0,0,0.23143620024878878,0
0.337331079,1,1,1,1,0,0,0.25032346837625036,0
1.402985173,1,1,1,1,0,0,0.21291668378788772,0
-0.318427507,1,-1,1,1,0,2,0.2733420259988248,0
0.813685964,1,1,1,1,0,0,0.23360237222400376,0
0.186673837,1,1,1,1,0,0,0.25561186639386346,0
4.128523188,1,1,1,1,0,0,0.117244350721715,0
0.980874252,1,1,1,1,0,0,0.2277336984112486,0
0.0,1,1,1,1,0,0,0.2621645255055377,0
2.620389039,1,1,1,1,0,0,0.1701831509943639,0
8.837850528,1,1,1,1,0,0,0.04806331745627347,0
4.17056673,1,1,1,1,0,0,0.11576853063358256,0
3.159840285,1,1,1,1,0,0,0.15124723485735347,0
0.871623659,1,1,1,1,0,0,0.23156863267510727,0
1.067885789,1,1,1,1,0,0,0.22467940355179364,0
-0.315481565,1,-1,1,1,0,2,0.27323861700483293,0
0.602157613,1,1,1,1,0,0,0.2410274790243616,0
2.079971231,1,1,1,1,0,0,0.18915299556718562,0
1.180072898,1,1,1,1,0,0,0.22074139116711625,0
0.265932753,1,-1,1,1,0,2,0.2528297054523233,0
8.587806548,1,-1,1,1,0,14,0.03928622801408071,0
10.79228998,1,1,1,1,0,3,0.11666840796696738,0
2.544651624,1,1,1,1,0,0,0.17284169956480128,0
-0.410486906,1,1,1,1,0,0,0.27657351183190704,0
1.061551203,1,1,1,1,0,0,0.22490176134621548,0
-0.841277313,1,-1,1,1,0,-1,0.29169519535765165,0
-1.264176572,1,1,-1,1,0,1,0.3065398823654333,0
0.659821196,1,1,1,1,0,0,0.23900336140494,0
2.735967553,1,1,1,1,0,0,0.16612609289213034,0
0.382222984,1,1,1,1,0,0,0.24874766453000133,0
1.565184454,1,1,1,1,0,0,0.20722313500980338,0
2.867069141,1,1,1,1,0,0,0.16152414101194712,0
6.533701697,1,1,1,1,0,0,0.03281733553049643,0
6.716426373,1,1,1,1,0,0,0.02640330058933251,0
5.213126925,1,1,1,1,0,0,0.07917239230469779,0
10.4126639,1,1,1,1,0,3,0.10334270398981502,0
7.373031348,1,1,1,1,0,0,0.003355032865535608,0
6.911212354,1,1,1,1,0,0,0.019565887517751054,0
3.692363441,1,1,1,1,0,0,0.13255450980054248,0
4.336064922,1,1,1,1,0,0,0.10995918287921876,0
2.375198025,1,1,1,1,0,0,0.17878989073790794,0
0.623361274,1,1,1,1,0,0,0.2402831842443036,0
4.511846707,1,1,1,1,0,0,0.10378885856565882,0
0.720305702,1,1,1,1,0,0,0.23688022323129213,0
1.37152771,1,1,1,1,0,0,0.2140209093980203,0
-0.796798108,1,1,1,1,0,0,0.29013387818215863,0
-0.033802873,1,-1,1,1,0,2,0.26335108012574526,0
2.41476276,1,1,1,1,0,0,0.17740108218570186,0
-1.734258615,1,1,-1,1,0,1,0.3230407880724201,0
0.436544063,1,1,1,1,0,0,0.24684087609630492,0
-1.63686613,1,1,-1,1,0,1,0.3196220992807827,0
0.010178818,1,-1,1,1,0,2,0.2618072267775228,0
-1.326448851,1,1,-1,1,0,1,0.3087257752733617,0
0.538471522,1,1,1,1,0,0,0.24326299981926588,0
-0.173234383,1,1,1,1,0,0,0.2682454304489564,0
3.334351034,1,1,1,1,0,0,0.1451215266815476,0
1.991871105,1,1,1,1,0,0,0.1922455022764871,0
0.314786809,1,1,1,1,0,0,0.25111482145821196,0
0.492224867,1,1,1,1,0,0,0.2448863583473825,0
3.804799958,1,1,1,1,0,0,0.12860774265070896,0
0.70241556,1,1,1,1,0,0,0.2375082062623874,0
2.217443594,1,1,1,1,0,0,0.1843274155796947,0
2.302515872,1,1,1,1,0,0,0.18134119294375245,0
7.011511203,1,1,1,1,0,0,0.016045179006304436,0
6.101444908,1,1,1,1,0,0,0.0479904922649558,0
7.149021013,1,1,1,1,0,0,0.011218284547381966,0
4.675528405,1,1,1,1,0,0,0.09804327371536178,0
4.103283259,1,1,1,1,0,0,0.11813032731810252,0
1.341946214,1,1,1,1,0,0,0.21505928447198072,0
2.62525208,1,1,1,1,0,0,0.1700124476412256,0
1.82745735,1,-1,1,1,0,2,0.19801678392526648,0
2.263025301,1,1,1,1,0,0,0.18272739817768874,0
-1.295124648,1,1,-1,1,0,1,0.3076262273800815,0
2.2198178,1,1,1,1,0,0,0.18424407576716972,0
0.0,1,1,1,1,0,0,0.2621645255055377,0
3.805084035,1,1,1,1,0,0,0.12859777092798455,0
0.971833289,1,1,1,1,0,0,0.2280510559452894,0
2.901145199,1,1,1,1,0,0,0.16032799700198794,0
4.344369205,1,1,1,1,0,0,0.10966768442105042,0
7.634134752,1,1,1,1,0,0,0.005810266497276419,0
2.310250039,1,1,1,1,0,0,0.18106970680151516,0
1.631367665,1,1,1,1,0,0,0.20489995985270296,0
0.0,1,1,1,1,0,0,0.2621645255055377,0
13.18151555,1,1,1,1,0,3,0.20053544018051603,0
2.417127086,1,1,1,1,0,0,0.17731808918274092,0
1.075136693,1,1,1,1,0,0,0.2244248809956227,0
4.395112856,1,1,1,1,0,0,0.10788647151822262,0
0.0,1,1,1,1,0,0,0.2621645255055377,0
0.73520544,1,1,1,1,0,0,0.23635720990743112,0
0.903671571,1,1,1,1,0,0,0.23044368101636498,0
0.727130592,1,1,1,1,0,0,0.2366406546963363,0
1.346022813,1,1,1,1,0,0,0.21491618694952505,0
-0.635435449,1,1,1,1,0,0,0.28446969666227945,0
-0.215395923,1,1,1,1,0,0,0.2697253925244304,0
1.582406147,1,1,1,1,0,0,0.2066186159975601,0
1.481359081,1,1,1,1,0,0,0.21016558855875972,0
-0.401493499,1,1,1,1,0,0,0.2762578236172616,0
-0.069531871,1,-1,1,1,0,2,0.26460524593739937,0
-0.497215596,1,1,1,1,0,0,0.2796178781443222,0
-0.647542052,1,1,1,1,0,0,0.28489466485136405,0
-1.178388192,1,1,-1,1,0,1,0.30352852298633204,0
0.0,1,1,1,1,0,0,0.2621645255055377,0
0.827138124,1,1,1,1,0,0,0.23313017204741607,0
-1.011466948,1,1,1,1,0,0,0.29766922300082516,0
-0.801974882,1,1,1,1,0,0,0.29031559424834835,0
-0.11667405,1,-1,1,1,0,2,0.2662600393124803,0
0.0,1,1,1,1,0,0,0.2621645255055377,0
-2.042462333,-1,1,-1,1,1,12,0.33385941125743884,0
-1.144890553,1,1,-1,1,0,1,0.3023526827457261,0
0.0,1,1,1,1,0,0,0.2621645255055377,0
0.0,1,1,1,1,0,0,0.2621645255055377,0
0.880886751,1,1,1,1,0,0,0.23124347792834926,0
-1.184541127,1,1,-1,1,0,1,0.3037445044341837,0
0.0,1,1,1,1,0,0,0.2621645255055377,0
0.0,1,1,1,1,0,0,0.2621645255055377,0
-2.09412471,-1,1,-1,1,1,12,0.33567287344807134,0
0.0,1,1,1,1,0,0,0.2621645255055377,0
-0.525830671,1,1,1,1,0,0,0.2806223297318791,0
-0.218521631,1,1,1,1,0,0,0.26983511169737817,0
-0.367605095,1,1,1,1,0,0,0.2750682666722747,0
-0.376312159,1,1,1,1,0,0,0.27537390362265,0
0.484479589,1,1,1,1,0,0,0.24515823450997057,0
-0.036239267,1,-1,1,1,0,2,0.2634366028728013,0
0.670649723,1,1,1,1,0,0,0.23862325647297483,0
-0.7231838,1,1,1,1,0,0,0.28754985530129934,0
0.466509372,1,1,1,1,0,0,0.245789028348337,0
-0.973083842,1,1,1,1,0,0,0.29632189220553407,0
-0.718334815,1,1,1,1,0,0,0.28737964534443955,0
-0.788943527,1,1,1,1,0,0,0.2898581652457066,0
-1.902038197,1,-1,-1,1,1,11,0.32893021759512936,0
0.379845908,1,1,1,1,0,0,0.24883110508579034,0
-1.175862758,1,1,-1,1,0,1,0.3034398747409379,0
-0.696052914,1,1,1,1,0,0,0.28659750198702266,0
0.673225022,1,1,1,1,0,0,0.23853285785724576,0
-0.414484397,1,1,1,1,0,0,0.27671383249090215,0
-0.004473365,1,-1,1,1,0,2,0.26232155038057203,0
0.89061167,1,1,1,1,0,0,0.230902112045911,0
-0.475444633,1,1,1,1,0,0,0.27885366982587495,0
0.0,1,1,1,1,0,0,0.2621645255055377,0
5.290290573,1,1,1,1,0,0,0.07646377984307454,0
2.036471332,1,1,1,1,0,0,0.19067993696465235,0
2.686390582,1,1,1,1,0,0,0.16786635278057074,0
0.0,1,1,1,1,0,0,0.2621645255055377,0
0.819153708,1,1,1,1,0,0,0.23341044247574502,0
0.431836935,1,1,1,1,0,0,0.24700610656284866,0
6.25350679,1,1,1,1,0,0,0.042652788317585594,0
4.113641139,1,1,1,1,0,0,0.11776674312306812,0
2.05336628,1,1,1,1,0,0,0.19008688741506038,0
4.356355526,1,1,1,1,0,0,0.1092469383926924,0
3.236705865,1,1,1,1,0,0,0.1485490852330913,0
1.978281534,1,1,1,1,0,0,0.19272252587908706,0
-0.8810403,1,1,1,1,0,0,0.2930909629877611,0
2.700761235,1,1,1,1,0,0,0.16736191149498686,0
0.144613669,1,1,1,1,0,0,0.2570882700908837,0
2.42801898,1,1,1,1,0,0,0.1769357599307714,0
1.868499546,1,1,1,1,0,0,0.19657611326726465,0
1.083287534,1,1,1,1,0,0,0.22413876868655572,0
4.048775646,1,1,1,1,0,0,0.12004366350232672,0
9.965253046,1,1,1,1,0,3,0.08763760649870235,0
11.73730091,1,-1,1,-1,0,-1,0.14984035418402783,0
11.26489483,1,1,1,1,0,3,0.13325786970591458,0
26.62286678,-1,1,-1,-1,1,9,0.6723562053500565,1
24.41210041,-1,1,-1,-1,1,9,0.5947534805602746,0
21.10282687,-1,1,1,-1,0,7,0.4785907565096425,0
22.9669655,-1,1,-1,-1,1,9,0.5440260910782116,0
27.91827926,-1,-1,-1,-1,1,10,0.7178280107560203,1
25.63141761,-1,1,-1,-1,1,9,0.6375541755532274,1
22.89207826,-1,1,-1,-1,1,9,0.5413973855058603,0
40.412,-1,1,-1,-1,1,-1,1.1563848774350676,1
108.885,-1,-1,-1,-1,1,-1,3.559936626112492,1
42.3543,-1,1,-1,-1,1,-1,1.224563846685081,1
14.6333,1,-1,1,-1,0,5,0.25149624302981716,0
14.9092,1,-1,1,-1,0,5,0.26118093520717317,0
6.85266,1,1,1,1,0,0,0.021621202939097844,0
19.2476,-1,1,1,-1,0,6,0.4134682441678165,0
12.8226,1,1,1,1,0,3,0.18793672100901748,0
4.60467,1,1,1,1,0,0,0.10053055838590702,0
12.4293,1,1,1,1,0,3,0.17413103259526563,0
4.88353,1,1,1,1,0,0,0.09074196374807622,0
9.06659,1,-1,1,1,0,14,0.05609257216860021,0
2.67705,1,1,1,1,0,0,0.16819422759545785,0
10.2803,1,1,1,1,0,3,0.09869644220331869,0
22.7288,-1,1,-1,-1,1,9,0.5356659622099039,0
9.4961,1,1,1,1,0,3,0.07116931061403771,0
19.2315,-1,1,1,-1,0,6,0.4129030990280724,0
5.98651,1,1,1,1,0,0,0.05202495839185954,0
8.78849,1,1,1,1,0,0,0.04633065518953996,0
10.493,1,1,1,1,0,3,0.10616267644080919,0
4.52741,1,1,1,1,0,0,0.10324255301302745,0
14.6608,1,-1,1,-1,0,5,0.2524615530511194,0
1.87151,1,1,1,1,0,0,0.1964704397612694,0
2.98773,1,1,1,1,0,0,0.15728868150752393,0
5.68918,1,1,1,1,0,0,0.062461890342179485,0
5.10421,1,1,1,1,0,0,0.0829956140934951,0
7.99404,1,1,1,1,0,0,0.018443726228682712,0
2.07967,1,1,1,1,0,0,0.18916356943275023,0
45.815,-1,1,-1,-1,1,-1,1.3460419699840158,1
87.3792,-1,-1,-1,-1,1,-1,2.8050361077080557,1
593.072,-1,-1,-1,-1,1,-1,20.555957109177,1
222.69,-1,-1,-1,-1,1,-1,7.554740516087143,1
324.265,-1,-1,-1,-1,1,-1,11.120244712951736,1
63.5886,-1,-1,-1,-1,1,-1,1.9699341225155693,1
272.526,-1,-1,-1,-1,1,-1,9.304092887782383,1
583.149,-1,-1,-1,-1,1,-1,20.207638151308554,1
4.04882,1,1,1,1,0,0,0.12004210658011999,0
32.3305,-1,1,-1,-1,1,-1,0.87270658881128,1
7.62369,1,1,1,1,0,0,0.0054436329054358195,0
62.9099,-1,-1,-1,-1,1,-1,1.94611027118983,1
244.063,-1,-1,-1,-1,1,-1,8.304979464643253,1
3.48734,1,1,1,1,0,0,0.1397512800623305,0
50.7902,-1,-1,-1,-1,1,-1,1.52068234881976,1
18.1075,-1,1,1,-1,0,6,0.3734482457937549,0
312.771,-1,-1,-1,-1,1,-1,10.71678022622999,1
188.866,-1,-1,-1,-1,1,-1,6.367444292067965,1
10.5019,1,1,1,1,0,3,0.10647508586588515,0
5.26619,1,1,1,1,0,0,0.07730976255711187,0
9.20915,1,-1,1,1,0,14,0.061096739319031076,0
99.0794,-1,-1,-1,-1,1,-1,3.215738664480442,1
180.446,-1,-1,-1,-1,1,-1,6.071883914636511,1
1.95413,1,1,1,1,0,0,0.19357029743545148,0
9.83894,1,1,1,1,0,3,0.08320374289415637,0
6.83345,1,1,1,1,0,0,0.022295515866705716,0
13.5829,1,1,1,-1,0,4,0.21462491043433035,0
6.69299,1,1,1,1,0,0,0.027225968433691697,0
1.1194,1,1,1,1,0,0,0.22287114231114713,0
5.48396,1,1,1,1,0,0,0.06966556025387581,0
4.00848,1,1,1,1,0,0,0.12145812862591393,0
8.75808,1,1,1,1,0,0,0.045263197816892635,0
3.43354,1,1,1,1,0,0,0.14163977748582365,0
1.80013,1,1,1,1,0,0,0.1989760335547441,0
6.41869,1,1,1,1,0,0,0.036854497118899265,0
3.50912,1,1,1,1,0,0,0.13898675452545914,0
4.70889,1,1,1,1,0,0,0.09687220891608442,0
2.82765,1,1,1,1,0,0,0.1629078388969808,0
0.672858,1,1,1,1,0,0,0.23854574113050536,0
2.17878,1,1,1,1,0,0,0.1856845921159769,0
1.02759,1,-1,1,1,0,2,0.22609387369499293,0
2.0595,1,1,1,1,0,0,0.1898715804556472,0
0.716289,1,1,1,1,0,0,0.23702121823831704,0
0.825394,1,1,1,1,0,0,0.23319139460652857,0
1.3924,1,1,1,1,0,0,0.2132882464633102,0
0.906142,1,1,1,1,0,0,0.2303569635665244,0
5.28354,1,1,1,1,0,0,0.0767007396891266,0
1.62615,1,1,1,1,0,0,0.20508311128224108,0
0.765052,1,-1,1,1,0,2,0.23530953050854386,0
0.968822,1,1,1,1,0,0,0.22815675876160715,0
1.51747,1,1,1,1,0,0,0.20889801648642756,0
2.18475,1,1,1,1,0,0,0.18547503208589783,0
1.09095,1,1,1,1,0,0,0.22386979940591253,0
1.25403,1,1,1,1,0,0,0.2181453354686772,0
1.54661,1,1,1,1,0,0,0.2078751388856731,0
1.10652,1,1,1,1,0,0,0.2233232584229425,0
2.79928,1,1,1,1,0,0,0.1639036878171388,0
1.06941,1,1,1,1,0,0,0.22462590041896163,0
4.54321,1,1,1,1,0,0,0.10268793852806105,0
17.3394,-1,1,1,-1,0,6,0.3464862593442181,0
4.68917,1,1,1,1,0,0,0.09756442395681464,0
29.7728,-1,-1,-1,-1,1,-1,0.7829257363936519,1
0.861134,1,1,1,1,0,0,0.23193684260066158,0
8.3142,1,-1,1,1,0,14,0.02968204100759649,0
51.5294,-1,-1,-1,-1,1,-1,1.5466298821923647,1
3.09942,1,1,1,1,0,0,0.15336811873373307,0
5.56458,1,1,1,1,0,0,0.06683562229324352,0
14.1928,1,1,1,-1,0,4,0.23603373159768468,0
8.76561,1,1,1,1,0,0,0.04552751725181652,0
24.5166,-1,1,-1,-1,1,9,0.5984216442493283,0
4.11366,1,1,1,1,0,0,0.11776608106080225,0
6.7918,1,1,1,1,0,0,0.02375752177169621,0
1.84896,1,1,1,1,0,0,0.19726199397873723,0
8.74386,1,1,1,1,0,0,0.044764044780422896,0
24.3956,-1,1,-1,-1,1,9,0.5941742801555984,0
4.10099,1,1,1,1,0,0,0.11821082571425313,0
6.88654,1,1,1,1,0,0,0.020431940992853472,0
1.87475,1,1,1,1,0,0,0.1963567086896687,0
26.4348,-1,1,-1,-1,1,9,0.6657546508988548,1
19.5117,-1,1,1,-1,0,6,0.4227387305905775,0
2.50779,1,1,1,1,0,0,0.17413562302111676,0
4.96628,1,1,1,1,0,0,0.08783725813852125,0
13.039,1,1,1,1,0,3,0.1955328333221014,0
3.64974,1,1,1,1,0,0,0.13405068560925829,0
12.6766,1,1,1,1,0,3,0.18281180235046737,0
2.43997,1,1,1,1,0,0,0.1765162530445611,0
25.9013,-1,1,-1,-1,1,9,0.6470276364855911,1
3.70791,1,1,1,1,0,0,0.13200879164783458,0
3.67622,1,1,1,1,0,0,0.1331211798142007,0
12.1593,1,1,1,1,0,3,0.16465344329520715,0
4.68035,1,1,1,1,0,0,0.09787402520728321,0
4.00644,1,1,1,1,0,0,0.12152973707840325,0
7.03252,1,1,1,1,0,0,0.015307724377955193,0
4.03662,1,1,1,1,0,0,0.12047035320775226,0
8.6197,1,1,1,1,0,0,0.04040575778969971,0
2.81838,1,1,1,1,0,0,0.16323323612961613,0
8.84692,1,1,1,1,0,0,0.04838167571843785,0
9.95482,1,1,1,1,0,3,0.08727138381301112,0
2.37243,1,1,1,1,0,0,0.17888705445687939,0
7.2258,1,1,1,1,0,0,0.008523174526417043,0
4.73033,1,1,1,1,0,0,0.09611961812129459,0
3.49489,1,1,1,1,0,0,0.1394862585837548,0
23.8595,-1,1,-1,-1,1,9,0.5753560000675934,0
3.57154,1,1,1,1,0,0,0.13679567628801598,0
30.2055,-1,-1,-1,-1,1,-1,0.7981144508015605,1
28.5379,-1,-1,-1,-1,1,10,0.7395780511097919,1
3.08146,1,1,1,1,0,0,0.1539985539330999,0
5.84104,1,1,1,1,0,0,0.0571312728936355,0
2.10261,1,1,1,1,0,0,0.1883583253640712,0
12.4047,1,1,1,1,0,3,0.17326751890348255,0
4.14172,1,1,1,1,0,0,0.11678111381724801,0
1.39906,1,1,1,1,0,0,0.21305446592724211,0
1.95474,1,1,1,1,0,0,0.1935488851040699,0
7.21128,1,1,1,1,0,0,0.009032858217664605,0
12.0895,1,1,1,1,0,3,0.16220331095022905,0
6.43602,1,1,1,1,0,0,0.03624617629456587,0
2.06785,1,1,1,1,0,0,0.18957847723099722,0
23.3865,-1,1,-1,-1,1,9,0.5587526677011947,0
0.420652,1,-1,1,1,0,2,0.24739872219350736,0
2.26969,1,1,1,1,0,0,0.18249345269646464,0
0.807298,1,1,1,1,0,0,0.23382660370272804,0
0.846749,1,1,1,1,0,0,0.23244178749725913,0
3.65028,1,1,1,1,0,0,0.13403173043065816,0
0.557331,1,1,1,1,0,0,0.24260099097890475,0
2.41144,1,1,1,1,0,0,0.17751771831393393,0
1.7489,1,1,1,1,0,0,0.20077431836897372,0
0.642141,1,1,1,1,0,0,0.23962397487320866,0
8.27226,1,1,1,1,0,0,0.02820985546965406,0
4.43716,1,1,1,1,0,0,0.10641052499202845,0
12.1705,1,1,1,1,0,3,0.16504658774024664,0
2.5705,1,1,1,1,0,0,0.1719343651507217,0
4.53434,1,1,1,1,0,0,0.10299929488765927,0
20.5536,-1,1,1,-1,0,7,0.4593116946340254,0
1.10261,1,1,1,1,0,0,0.22346050795688038,0
7.29915,1,1,1,1,0,0,0.005948429433234472,0
2.45959,1,1,1,1,0,0,0.17582754822209018,0
2.00759,1,1,1,1,0,0,0.19169373475403992,0
13.5619,1,1,1,-1,0,4,0.21388776459988132,0
1.10123,1,1,1,1,0,0,0.22350894896885845,0
2.46611,1,1,1,1,0,0,0.17559868199158507,0
4.29192,1,1,1,1,0,0,0.11150876599180806,0
0.910366,1,1,1,1,0,0,0.2302086919472524,0
0.978523,1,1,1,1,0,0,0.2278162324882743,0
0.32218,1,1,1,1,0,0,0.25085530431778646,0
4.05853,1,1,1,1,0,0,0.1197012643871438,0
9.46273,1,1,1,1,0,3,0.06999795078091567,0
2.91874,1,1,1,1,0,0,0.1597103810846018,0
0.271799,1,1,1,1,0,0,0.25262378737899477,0
0.530609,1,1,1,1,0,0,0.24353899150214983,0
3.00219,1,1,1,1,0,0,0.1567811039472319,0
0.586319,1,1,1,1,0,0,0.2415834489099044,0
2.00759,1,1,1,1,0,0,0.19169373475403992,0
1.06986,1,1,1,1,0,0,0.22461010443679488,0
0.223092,1,-1,1,1,0,2,0.2543335093865427,0
5.25439,1,1,1,1,0,0,0.07772396831170701,0
14.2789,1,1,1,-1,0,4,0.23905602951892554,0
2.52313,1,1,1,1,0,0,0.17359715554014307,0
2.35934,1,1,1,1,0,0,0.17934654202701927,0
12.409,1,1,1,1,0,3,0.17341845828863164,0
6.76232,1,1,1,1,0,0,0.02479233411453224,0
3.83148,1,1,1,1,0,0,0.12767121494484115,0
6.96877,1,1,1,1,0,0,0.01754548851824677,0
13.3291,1,1,1,-1,0,4,0.20571597649227538,0
2.41328,1,1,1,1,0,0,0.17745313029796317,0
15.8887,-1,-1,1,-1,1,8,0.29556352305682976,0
6.25684,1,1,1,1,0,0,0.04253578537154541,0
8.20689,1,1,1,1,0,0,0.025915225793562133,0
0.784851,1,1,1,1,0,0,0.23461454239538887,0
12.9914,1,1,1,1,0,3,0.1938619694306837,0
1.33073,1,1,1,1,0,0,0.21545299806380877,0
8.85872,1,1,1,1,0,0,0.048795881473032966,0
7.18616,1,1,1,1,0,0,0.00991462504439598,0
4.62295,1,1,1,1,0,0,0.09988889048811044,0
8.59924,1,1,1,1,0,0,0.03968756713385084,0
8.99438,1,-1,1,1,0,14,0.05355784356357345,0
11.1489,1,1,1,1,0,3,0.12918619800343273,0
4.77054,1,1,1,1,0,0,0.09470815935923776,0
2.70968,1,1,1,1,0,0,0.16704884337745451,0
5.10851,1,1,1,1,0,0,0.08284467470834603,0
1.56885,1,1,1,1,0,0,0.20709446634480902,0
7.2061,1,1,1,1,0,0,0.009214687523495363,0
-0.00438975,1,-1,1,1,0,2,0.2623186153115745,0
7.84043,1,1,1,1,0,0,0.013051679960601276,0
7.03421,1,1,1,1,0,0,0.015248401689373347,0
3.29634,1,1,1,1,0,0,0.1464557969375571,0
8.90026,1,1,1,1,0,0,0.050254026137938244,0
0.126454,1,1,1,1,0,0,0.25772571410794665,0
1.55696,1,1,1,1,0,0,0.2075118312958375,0
4.75874,1,1,1,1,0,0,0.09512236511383287,0
5.1795,1,1,1,1,0,0,0.08035277076608249,0
3.3819,1,1,1,1,0,0,0.1434524541949163,0
2.67949,1,1,1,1,0,0,0.16810857826993142,0
10.5515,1,1,1,1,0,3,0.10821615412248856,0
8.82783,1,1,1,1,0,0,0.047711575052741116,0
1.45809,1,1,1,1,0,0,0.21098238408878855,0
7.18871,1,1,1,1,0,0,0.009825114478784308,0
4.6715,1,1,1,1,0,0,0.09818467952322957,0
1.57045,1,1,1,1,0,0,0.20703830285266053,0
3.20325,1,1,1,1,0,0,0.14972345911512167,0
1.31492,1,1,1,1,0,0,0.2160079635706011,0
2.02231,1,1,1,1,0,0,0.19117703062627375,0
1.27652,1,1,1,1,0,0,0.2173558873821649,0
0.618779,1,1,1,1,0,0,0.24044403206294185,0
1.42877,1,1,1,1,0,0,0.21201158008240975,0
0.693016,1,1,1,1,0,0,0.23783815133379949,0
1.12517,1,1,1,1,0,0,0.22266860271758662,0
0.915938,1,1,1,1,0,0,0.23001310258584526,0
40.5628,-1,1,-1,-1,1,-1,1.1616782865700634,1
233.648,-1,-1,-1,-1,1,-1,7.939390232939147,1
39.2141,-1,1,-1,-1,1,-1,1.1143359729071416,1
72.8749,-1,-1,-1,-1,1,-1,2.295903520727173,1
288.489,-1,-1,-1,-1,1,-1,9.864429028511394,1
48.1354,-1,1,-1,-1,1,-1,1.4274930744723702,1
147.122,-1,-1,-1,-1,1,-1,4.902138781913738,1
225.698,-1,-1,-1,-1,1,-1,7.660327881326314,1
16.3064,-1,1,1,-1,0,6,0.31022570472584615,0
129.312,-1,-1,-1,-1,1,-1,4.276968909935806,1
7.27778,1,1,1,1,0,0,0.006698563075242808,0
54.5416,-1,-1,-1,-1,1,-1,1.6523646765984248,1
100.714,-1,-1,-1,-1,1,-1,3.2731166921466475,1
3.59234,1,1,1,1,0,0,0.13606555089008554,0
41.7021,-1,1,-1,-1,1,-1,1.2016702031980508,1
1.69919,1,1,1,1,0,0,0.20251924786566228,0
134.575,-1,1,-1,-1,1,-1,4.46171169692176,1
47.6991,-1,1,-1,-1,1,-1,1.4121779922071278,1
3.42856,1,1,1,1,0,0,0.14181458635513583,0
16.1494,-1,1,1,-1,0,6,0.3047146620587751,0
1.63802,1,1,1,1,0,0,0.20466644837486442,0
19.0493,-1,1,1,-1,0,6,0.40650748135966247,0
11.6657,1,-1,1,-1,0,-1,0.1473270059673965,0
0.999605,1,1,1,1,0,0,0.22707620827485273,0
5.87883,1,1,1,1,0,0,0.055804761413453245,0
0.416505,1,1,1,1,0,0,0.24754429094471975,0
1.64698,1,1,1,1,0,0,0.20435193281883285,0
2.7728,1,1,1,1,0,0,0.1648331936121964,0
0.363692,1,-1,1,1,0,2,0.24939814251399378,0
1.17108,1,1,1,1,0,0,0.22105706151475074,0
1.37271,1,1,1,1,0,0,0.2139794084385626,0
0.537943,1,1,1,1,0,0,0.24328155209501418,0
0.892186,1,1,1,1,0,0,0.23084684962678967,0
0.728775,1,1,1,1,0,0,0.23658293238646322,0
0.602101,1,1,1,1,0,0,0.24102946626422472,0
1.75364,1,1,1,1,0,0,0.2006079340234838,0
2.20206,1,1,1,1,0,0,0.1848674133052163,0
1.0112,1,1,1,1,0,0,0.22666919846768907,0
11.4394,1,1,1,1,0,3,0.1393833820466438,0
2.58656,1,1,1,1,0,0,0.1713706240982812,0
0.93911,1,1,1,1,0,0,0.22919971481080467,0
3.35837,1,1,1,1,0,0,0.14427840855132512,0
0.609985,1,1,1,1,0,0,0.240752720656663,0
2.2468,1,1,1,1,0,0,0.18329694165601404,0
0.486031,1,1,1,1,0,0,0.2451037765977721,0
0.662052,1,1,1,1,0,0,0.23892505531560324,0
0.19658,1,1,1,1,0,0,0.2552641384514433,0
0.528471,1,-1,1,1,0,2,0.24361403996853329,0
0.739927,1,1,1,1,0,0,0.23619147284618822,0
0.277737,1,1,1,1,0,0,0.2524153506187587,0
1.373,1,1,1,1,0,0,0.2139692288056107,0
3.18433,1,1,1,1,0,0,0.15038759240977762,0
1.39522,1,1,1,1,0,0,0.2131892583083985,0
0.941029,1,1,1,1,0,0,0.2291323537224091,0
1.40637,1,1,1,1,0,0,0.21279786897248867,0
17.9852,-1,1,1,-1,0,6,0.3691552488626542,0
32.0608,-1,-1,-1,-1,1,-1,0.8632395301659994,1
15.6624,-1,-1,1,-1,1,8,0.2876198991360771,0
57.7,-1,-1,-1,-1,1,-1,1.7632314100995532,1
9.90343,1,1,1,1,0,3,0.08546748264956668,0
19.1924,-1,1,1,-1,0,6,0.4115306036886935,0
20.8431,-1,1,1,-1,0,7,0.46947377649464367,0
3.70934,1,1,1,1,0,0,0.13195859552672687,0
13.9474,1,1,1,-1,0,4,0.22741965598940928,0
3.93213,1,1,1,1,0,0,0.12413818026687491,0
6.57835,1,1,1,1,0,0,0.03125008264613133,0
18.8634,-1,1,1,-1,0,6,0.39998198561565923,0
5.26803,1,1,1,1,0,0,0.07724517454114108,0
33.6825,-1,1,-1,-1,1,-1,0.9201647396767579,1
2.63655,1,1,1,1,0,0,0.16961586599046663,0
4.98199,1,1,1,1,0,0,0.08728580284998826,0
0.594645,1,1,1,1,0,0,0.2412911881376367,0
3.85848,1,1,1,1,0,0,0.12672345601483528,0
7.71699,1,1,1,1,0,0,0.008718666541344924,0
3.42103,1,1,1,1,0,0,0.1420789057900597,0
18.5037,-1,1,1,-1,0,6,0.38735573053702577,0
1.76426,1,1,1,1,0,0,0.20023514884434818,0
5.95882,1,1,1,1,0,0,0.05299693782785442,0
6.68929,1,1,1,1,0,0,0.0273558465092851,0
3.73099,1,1,1,1,0,0,0.13119863327359255,0
2.57503,1,1,1,1,0,0,0.17177535226357626,0
3.45445,1,1,1,1,0,0,0.140905790847808,0
2.47045,1,1,1,1,0,0,0.17544633851913222,0
3.17914,1,1,1,1,0,0,0.15056977273743433,0
5.76282,1,1,1,1,0,0,0.059876965616045046,0
16.2194,-1,1,1,-1,0,6,0.3071718148402718,0
4.32241,1,1,1,1,0,0,0.11043850044455335,0
8.0705,1,1,1,1,0,0,0.021127639109728872,0
13.0077,1,1,1,1,0,3,0.19443413500694648,0
5.10081,1,1,1,1,0,0,0.08311496151431065,0
4.24945,1,1,1,1,0,0,0.11299955568652469,0
1.91515,1,1,1,1,0,0,0.1949385805129192,0
2.84858,1,1,1,1,0,0,0.1621731502153133,0
2.01376,1,1,1,1,0,0,0.19147715428744227,0
2.44075,1,1,1,1,0,0,0.17648887334213867,0
12.3446,1,1,1,1,0,3,0.17115787772965468,0
34.0215,-1,1,-1,-1,1,-1,0.9320643795757205,1
23.2501,-1,1,-1,-1,1,9,0.5539647299955354,0
10.7995,1,1,1,1,0,3,0.11692149540550521,0
7.15319,1,1,1,1,0,0,0.01107194400448089,0
67.7013,-1,-1,-1,-1,1,-1,2.114298868865016,1
25.4768,-1,1,-1,-1,1,9,0.6321267599749437,1
7.13466,1,1,1,1,0,0,0.01172238744792565,0
21.824,-1,1,-1,-1,1,9,0.5039055073999302,0
36.6569,-1,1,-1,-1,1,-1,1.02457267158081,1
58.1659,-1,-1,-1,-1,1,-1,1.779585516969543,1
21.9522,-1,1,-1,-1,1,9,0.5084056072083284,0
6.39863,1,1,1,1,0,0,0.03755864690171102,0
4.39473,1,1,1,1,0,0,0.10789991059944136,0
6.79033,1,1,1,1,0,0,0.02380912198010765,0
4.966,1,1,1,1,0,0,0.08784708674964725,0
2.36025,1,1,1,1,0,0,0.17931459904085983,0
3.39365,1,1,1,1,0,0,0.14304000354945082,0
4.26125,1,1,1,1,0,0,0.11258534993192952,0
1.06335,1,1,1,1,0,0,0.22483861964547408,0
0.716117,1,1,1,1,0,0,0.237027255813723,0
0.855804,1,1,1,1,0,0,0.23212393723388128,0
0.832007,1,1,1,1,0,0,0.23295926387304233,0
0.105039,1,1,1,1,0,0,0.25847742734817164,0
5.68682,1,1,1,1,0,0,0.06254473149309853,0
4.85766,1,1,1,1,0,0,0.0916500572117522,0
13.9042,1,1,1,-1,0,4,0.22590324170139991,0
5.22812,1,1,1,1,0,0,0.07864610264842012,0
13.8338,1,1,1,-1,0,4,0.22343204804686617,0
1.67835,1,-1,1,1,0,2,0.20325077735089642,0
14.2839,1,1,1,-1,0,4,0.23923154043188954,0
1.71694,1,1,1,1,0,0,0.20189618412463992,0
12.7904,1,1,1,1,0,3,0.18680643072952904,0
0.614986,1,1,1,1,0,0,0.24057717464151637,0
28.1563,-1,-1,-1,-1,1,10,0.7261830582323759,1
1.71668,1,1,1,1,0,0,0.20190531069211404,0
12.2742,1,1,1,1,0,3,0.16868668407512094,0
0.2085,1,1,1,1,0,0,0.25484572043493703,0
15.3598,1,-1,1,-1,0,5,0.276997978683493,0
2.80778,1,1,1,1,0,0,0.1636053192650999,0
2.28066,1,1,1,1,0,0,0.1821083817534215,0
-0.00676273,1,-1,1,1,0,2,0.26240191208882363,0
0.0100686,1,-1,1,1,0,2,0.2618110956698838,0
1.34516,1,1,1,1,0,0,0.21494647356899452,0
1.29803,1,1,1,1,0,0,0.21660083943459363,0
2.63287,1,1,1,1,0,0,0.1697450420224082,0
2.43347,1,1,1,1,0,0,0.17674441723141435,0
6.23332,1,1,1,1,0,0,0.0433613887061283,0
4.01107,1,1,1,1,0,0,0.12136721397299853,0
2.79817,1,1,1,1,0,0,0.16394265123981683,0
2.07326,1,1,1,1,0,0,0.18938857442317011,0
3.21936,1,1,1,1,0,0,0.14915796295355152,0
0.299293,1,1,1,1,0,0,0.2516586879707881,0
-0.273428,1,1,1,1,0,0,0.2717624450875244,0
0.35367,1,-1,1,1,0,2,0.2497499365879389,0
0.300892,1,1,1,1,0,0,0.25160255958082217,0
-0.0563871,1,-1,1,1,0,2,0.26414383578561673,0
-0.024189,1,-1,1,1,0,2,0.2630136122002752,0
0.390199,1,1,1,1,0,0,0.24846768896000618,0
0.400996,1,1,1,1,0,0,0.2480886906945516,0
1.41647,1,1,1,1,0,0,0.21244333692830134,0
2.55053,1,1,1,1,0,0,0.17263535573710007,0
3.33888,1,1,1,1,0,0,0.14496255009005896,0
15.7168,-1,-1,1,-1,1,8,0.2895294578691258,0
6.85225,1,1,1,1,0,0,0.021635594833960912,0
9.88229,1,1,1,1,0,3,0.08472542250955466,0
13.5249,1,1,1,-1,0,4,0.21258898384394742,0
25.6043,-1,1,-1,-1,1,9,0.6366022882555268,1
2.6969,1,1,1,1,0,0,0.16749744927099058,0
4.70692,1,1,1,1,0,0,0.09694136021579225,0
2.72551,1,1,1,1,0,0,0.16649317582701034,0
1.19758,1,1,1,1,0,0,0.2201268536760413,0
5.4335,1,1,1,1,0,0,0.07143681638750894,0
4.69895,1,1,1,1,0,0,0.09722112461105695,0
8.8038,1,1,1,1,0,0,0.046868069605035916,0
22.8604,-1,1,-1,-1,1,9,0.5402854094391175,0
4.72182,1,1,1,1,0,0,0.0964183376951594,0
10.2464,1,1,1,1,0,3,0.09750647821342243,0
4.077,1,1,1,1,0,0,0.11905292707465463,0
4.36646,1,1,1,1,0,0,0.10889224930134009,0
3.50934,1,1,1,1,0,0,0.1389790320452887,0
1.29048,1,1,1,1,0,0,0.21686586091316934,0
3.69813,1,1,1,1,0,0,0.13235209099359227,0
3.91757,1,1,1,1,0,0,0.12464926804542621,0
4.89119,1,1,1,1,0,0,0.09047308102941531,0
1.6071,1,1,1,1,0,0,0.20575180786063407,0
1.41263,1,1,1,1,0,0,0.2125781293094577,0
2.04492,1,1,1,1,0,0,0.19038337027785035,0
1.85477,1,1,1,1,0,0,0.19705805029787302,0
1.42917,1,1,1,1,0,0,0.21199753920937262,0
106.87,-1,-1,-1,-1,1,-1,3.4892057281879816,1
111.726,-1,1,-1,-1,1,-1,3.6596619268586625,1
18.4866,-1,1,1,-1,0,6,0.3867554832146887,0
132.282,-1,-1,-1,-1,1,-1,4.381222392236449,1
34.6657,-1,1,-1,-1,1,-1,0.9546772056020081,1
36.3549,-1,1,-1,-1,1,-1,1.0139718124377815,1
130.271,-1,-1,-1,-1,1,-1,4.310631903042309,1
16.7653,-1,1,1,-1,0,6,0.3263340963176863,0
111.634,-1,1,-1,-1,1,-1,3.656432526060124,1
23.381,-1,1,-1,-1,1,9,0.5585596056969341,0
2.51529,1,1,1,1,0,0,0.1738723566516707,0
10.8987,1,1,1,1,0,3,0.12040363191871188,0
5.9545,1,1,1,1,0,0,0.05314857925665535,0
8.60907,1,1,1,1,0,0,0.04003262158873812,0
4.77996,1,1,1,1,0,0,0.09437749679921348,0
1.28412,1,1,1,1,0,0,0.2170891107944596,0
5.78607,1,1,1,1,0,0,0.05906083987076223,0
1.40098,1,1,1,1,0,0,0.2129870697366639,0
2.61489,1,1,1,1,0,0,0.1703761792654269,0
1.16042,1,1,1,1,0,0,0.22143125078119008,0
0.837766,1,1,1,1,0,0,0.23275711040349034,0
6.2373,1,1,1,1,0,0,0.04322168201940891,0
1.57109,1,1,1,1,0,0,0.20701583745580115,0
7.94545,1,1,1,1,0,0,0.016738111176498118,0
2.0901,1,1,1,1,0,0,0.18879745366830722,0
1.09963,1,1,1,1,0,0,0.22356511246100697,0
20.8677,-1,1,1,-1,0,7,0.4703372901864267,0
0.639745,1,1,1,1,0,0,0.239708079702701,0
4.32361,1,1,1,1,0,0,0.11039637782544194,0
1.32065,1,1,1,1,0,0,0.21580682806434429,0
0.827277,1,1,1,1,0,0,0.23312529719670633,0
0.459121,1,1,1,1,0,0,0.24604837633134458,0
0.993112,1,1,1,1,0,0,0.2273041267464278,0
0.887236,1,1,1,1,0,0,0.2310206054306241,0
0.164274,1,1,1,1,0,0,0.2563981495622866,0
0.908644,1,1,1,1,0,0,0.2302691379056772,0
2.25839,1,1,1,1,0,0,0.1828901073597634,0
0.405483,1,1,1,1,0,0,0.24793118720125767,0
5.5072,1,1,1,1,0,0,0.06884978553041891,0
1.07801,1,1,1,1,0,0,0.2243240216486635,0
0.820302,1,1,1,1,0,0,0.23337013492029116,0
4.27416,1,1,1,1,0,0,0.11213218075465638,0
0.734159,1,1,1,1,0,0,0.23639394223538351,0
2.9702,1,1,1,1,0,0,0.15790402276837584,0
0.148147,1,1,1,1,0,0,0.25696424246096083,0
0.391768,1,1,1,1,0,0,0.2484126136355181,0
0.635882,1,1,1,1,0,0,0.23984367943405704,0
0.0712722,1,1,1,1,0,0,0.2596627157273465,0
0.257171,1,-1,1,1,0,2,0.25313726210596244,0
0.668213,1,1,1,1,0,0,0.23870879076864893,0
-0.168188,1,1,1,1,0,0,0.26806829139145716,0
2.03447,1,1,1,1,0,0,0.1907501880859452,0
-0.0388392,1,-1,1,1,0,2,0.26352786619569635,0
0.948537,1,1,1,1,0,0,0.22886880653550226,0
-0.113231,1,-1,1,1,0,2,0.2661391807427041,0
1.71087,1,1,1,1,0,0,0.20210925437297828,0
-0.0884959,1,-1,1,1,0,2,0.2652709247460527,0
26.015,-1,1,-1,-1,1,9,0.6510187546463936,1
57.7925,-1,-1,-1,-1,1,-1,1.766478361989388,1
23.9528,-1,1,-1,-1,1,9,0.5786310337035024,0
31.523,-1,-1,-1,-1,1,-1,0.8443615763675866,1
15.3341,1,-1,1,-1,0,5,0.2760958525908578,0
0.41,1,1,1,1,0,0,0.24777263064248597,0
0.41,1,1,1,1,0,0,0.24777263064248597,0
0.0,1,1,1,1,0,0,0.2621645255055377,0
0.41,1,1,1,1,0,0,0.24777263064248597,0
0.0,1,1,1,1,0,0,0.2621645255055377,0
1.31,1,1,1,1,0,0,0.2161806663089577,0
0.81,1,1,1,1,0,0,0.2337317576053623,0
0.4,1,1,1,1,0,0,0.24812365246841406,0
0.39,1,1,1,1,0,0,0.24847467429434217,0
0.78,1,1,1,1,0,0,0.23478482308314655,0
0.0,1,1,1,1,0,0,0.2621645255055377,0
1.27,1,1,1,1,0,0,0.21758475361267005,0
1.29,1,1,1,1,0,0,0.21688270996081388,0
3.76,1,-1,1,1,0,-1,0.13018031895657517,0
7.42,1,1,1,1,0,0,0.0017063306668934834,0
3.27,1,-1,1,1,0,-1,0.14738038842705165,0
1.97,1,1,1,1,0,0,0.19301322579770364,0
3.1,1,1,1,1,0,0,0.1533477594678292,0
1.22,1,1,1,1,0,0,0.21933986274231052,0
0.75,1,-1,1,1,0,2,0.23583788856093083,0
1.21,1,-1,1,1,0,2,0.2196908845682386,0
1.96,1,1,1,1,0,0,0.19336424762363172,0
0.75,1,-1,1,1,0,2,0.23583788856093083,0
1.59,1,1,1,1,0,0,0.20635205518297112,0
1.57,1,1,1,1,0,0,0.20705409883482728,0
6.93,1,1,1,1,0,0,0.018906400137369998,0
2.31,1,1,1,1,0,0,0.18107848371614851,0
12.39,1,1,1,1,0,3,0.17275151681936826,0
2.01,1,1,1,1,0,0,0.19160913849399125,0
6.02,1,1,1,1,0,0,0.05084938629682637,0
12.42,1,1,1,1,0,3,0.1738045822971525,0
7.55,1,1,1,1,0,0,0.0028569530701717085,0
0.38,1,1,1,1,0,0,0.24882569612027025,0
0.0,1,1,1,1,0,0,0.2621645255055377,0
2.77,1,1,1,1,0,0,0.16493147972345626,0
2.0,1,1,1,1,0,0,0.19196016031991933,0
0.39,1,1,1,1,0,0,0.24847467429434217,0
0.79,1,1,1,1,0,0,0.23443380125721847,0
1.28,1,1,1,1,0,0,0.21723373178674196,0
0.79,1,1,1,1,0,0,0.23443380125721847,0
0.0,1,1,1,1,0,0,0.2621645255055377,0
0.4,1,1,1,1,0,0,0.24812365246841406,0
0.4,1,1,1,1,0,0,0.24812365246841406,0
-0.4,1,1,1,1,0,0,0.27620539854266146,0
-0.39,1,1,1,1,0,0,0.27585437671673335,0
0.39,1,1,1,1,0,0,0.24847467429434217,0
1.67,1,1,1,1,0,0,0.20354388057554637,0
-0.39,1,1,1,1,0,0,0.27585437671673335,0
0.84,1,1,1,1,0,0,0.23267869212757802,0
0.11,1,1,1,1,0,0,0.2583032854203287,0
0.03,1,-1,1,1,0,2,0.26111146002775343,0
-3.76,-1,-1,-1,1,1,13,0.3941487320545003,0
3.1,1,1,1,1,0,0,0.1533477594678292,0
2.59,1,1,1,1,0,0,0.17124987259016192,0
2.35,1,1,1,1,0,0,0.17967439641243613,0
2.53,1,1,1,1,0,0,0.17335600354573047,0
3.4,1,1,1,1,0,0,0.14281710468998648,0
2.79,1,1,1,1,0,0,0.16422943607160007,0
2.8,1,1,1,1,0,0,0.16387841424567198,0
-0.73,1,1,1,1,0,0,0.28778911879828845,0
2.48,1,1,1,1,0,0,0.17511111267537094,0
1.08,1,1,1,1,0,0,0.22425416830530379,0
1.01,1,1,1,1,0,0,0.22671132108680048,0
-0.22,1,1,1,1,0,0,0.26988700567595575,0
1.63,1,1,1,1,0,0,0.20494796787925876,0
1.15,1,1,1,1,0,0,0.22179701552380718,0
3.12,1,1,1,1,0,0,0.15264571581597303,0
3.36,1,1,1,1,0,0,0.14422119199369882,0
2.18,1,1,1,1,0,0,0.18564176745321367,0
48.9,-1,-1,-1,-1,1,-1,1.4543322032828323,1
9.59,1,1,1,1,0,3,0.07446540555950247,0
7.69,1,1,1,1,0,0,0.007771258633165017,0
8.22,1,1,1,1,0,0,0.0263754154073539,0
-2.04,-1,1,-1,1,1,12,0.3337729779948685,0
-1.01,1,1,1,1,0,0,0.2976177299242751,0
3.02,1,1,1,1,0,0,0.15615593407525394,0
4.47,1,1,1,1,0,0,0.10525776931568062,0
2.55,1,1,1,1,0,0,0.1726539598938743,0
4.24,1,1,1,1,0,0,0.11333127131202674,0
5.44,1,1,1,1,0,0,0.07120865220065568,0
8.81,1,1,1,1,0,0,0.04708570313711132,0
5.07,1,1,1,1,0,0,0.08419645975999508,0
35.81,-1,1,-1,-1,1,-1,0.9948446331429597,1
37.2,-1,1,-1,-1,1,-1,1.0436366669469646,1
1.05,1,1,1,1,0,0,0.2253072337830881,0
0.18,1,1,1,1,0,0,0.2558461326388321,0
2.11,1,1,1,1,0,0,0.1880989202347103,0
1.27,1,1,1,1,0,0,0.21758475361267005,0
0.53,1,-1,1,1,0,2,0.24356036873134884,0
0.04,1,-1,1,1,0,2,0.2607604382018254,0
0.32,1,1,1,1,0,0,0.2509318270758388,0
0.43,1,-1,1,1,0,2,0.24707058699062978,0
1.12,1,1,1,1,0,0,0.22285008100159143,0
0.82,1,1,1,1,0,0,0.2333807357794342,0
1.96,1,1,1,1,0,0,0.19336424762363172,0
0.98,1,1,1,1,0,0,0.22776438656458473,0
2.53,1,1,1,1,0,0,0.17335600354573047,0
0.27,1,1,1,1,0,0,0.2526869362054792,0
0.35,1,-1,1,1,0,2,0.24987876159805453,0
0.13,1,1,1,1,0,0,0.25760124176847254,0
0.57,1,1,1,1,0,0,0.24215628142763648,0
2.19,1,1,1,1,0,0,0.1852907456272856,0
1.22,1,1,1,1,0,0,0.21933986274231052,0
0.13,1,1,1,1,0,0,0.25760124176847254,0
0.1,1,1,1,1,0,0,0.2586543072462568,0
-0.2,1,1,1,1,0,0,0.2691849620240996,0
0.59,1,1,1,1,0,0,0.24145423777578032,0
0.1,1,1,1,1,0,0,0.2586543072462568,0
0.19,1,1,1,1,0,0,0.255495110812904,0
0.28,1,1,1,1,0,0,0.25233591437955116,0
0.57,1,1,1,1,0,0,0.24215628142763648,0
-0.09,1,-1,1,1,0,2,0.26532372193889053,0
1.07,1,1,1,1,0,0,0.2246051901312319,0
1.85,1,1,1,1,0,0,0.1972254877088407,0
0.49,1,1,1,1,0,0,0.24496445603506123,0
0.0,1,1,1,1,0,0,0.2621645255055377,0
1.42,1,1,1,1,0,0,0.2123194262237487,0
3.02,1,1,1,1,0,0,0.15615593407525394,0
0.0,1,1,1,1,0,0,0.2621645255055377,0
1.7,1,1,1,1,0,0,0.2024908150977621,0
2.49,1,1,1,1,0,0,0.17476009084944283,0
2.01,1,1,1,1,0,0,0.19160913849399125,0
4.22,1,1,1,1,0,0,0.11403331496388293,0
0.38,1,1,1,1,0,0,0.24882569612027025,0
12.48,1,1,1,1,0,3,0.1759107132527211,0
17.85,-1,1,1,-1,0,6,0.36440943377610646,0
7.4,1,1,1,1,0,0,0.0024083743187496526,0
37.36,-1,1,-1,-1,1,-1,1.0492530161618139,1
21.17,-1,1,1,-1,0,7,0.480948679984233,0
5.58,1,1,1,1,0,0,0.0662943466376624,0
7.56,1,1,1,1,0,0,0.003207974896099793,0
35.44,-1,1,-1,-1,1,-1,0.9818568255836202,1
1.54,1,1,1,1,0,0,0.2081071643126116,0
1.06,1,1,1,1,0,0,0.22495621195716,0
1.54,1,1,1,1,0,0,0.2081071643126116,0
1.44,1,1,1,1,0,0,0.21161738257189247,0
0.47,1,1,1,1,0,0,0.24566649968691742,0
0.19,1,1,1,1,0,0,0.255495110812904,0
10.09,1,1,1,1,0,3,0.09201649685590708,0
6.21,1,1,1,1,0,0,0.04417997160419262,0
11.45,1,-1,1,1,0,-1,0.13975546518212756,0
23.0,-1,1,-1,-1,1,9,0.5451856741290738,0
-0.1,1,-1,1,1,0,2,0.26567474376481864,0
2.39,1,1,1,1,0,0,0.17827030910872377,0
2.0,1,1,1,1,0,0,0.19196016031991933,0
0.81,1,1,1,1,0,0,0.2337317576053623,0
0.3,1,1,1,1,0,0,0.251633870727695,0
-0.3,1,-1,1,1,0,2,0.2726951802833805,0
0.71,1,1,1,1,0,0,0.2372419758646432,0
0.1,1,1,1,1,0,0,0.2586543072462568,0
0.48,1,1,1,1,0,0,0.24531547786098934,0
0.58,1,1,1,1,0,0,0.2418052596017084,0
1.94,1,1,1,1,0,0,0.19406629127548788,0
0.68,1,1,1,1,0,0,0.23829504134242752,0
0.59,1,1,1,1,0,0,0.24145423777578032,0
0.39,1,1,1,1,0,0,0.24847467429434217,0
3.62,1,1,1,1,0,0,0.13509462451956844,0
1.6,1,1,1,1,0,0,0.206001033357043,0
2.07,1,1,1,1,0,0,0.18950300753842272,0
4.42,1,1,1,1,0,0,0.10701287844532108,0
6.29,1,1,1,1,0,0,0.04137179699676787,0
2.05,1,1,1,1,0,0,0.1902050511902789,0
0.84,1,1,1,1,0,0,0.23267869212757802,0
4.47,1,1,1,1,0,0,0.10525776931568062,0
1.3,1,1,1,1,0,0,0.2165316881348858,0
8.93,1,1,1,1,0,0,0.0512979650482484,0
2.02,1,1,1,1,0,0,0.19125811666806314,0
12.29,1,1,1,1,0,3,0.1692412985600873,0
6.82,1,1,1,1,0,0,0.022767640222578992,0
9.15,1,-1,1,1,0,14,0.059020445218666444,0
3.34,1,1,1,1,0,0,0.144923235645555,0
6.58,1,1,1,1,0,0,0.031192164044853206,0
2.1,1,1,1,1,0,0,0.1884499420606384,0
87.66,-1,-1,-1,-1,1,-1,2.8148928005801164,1
36.48,-1,1,-1,-1,1,-1,1.0183630954801417,1
39.81,-1,1,-1,-1,1,-1,1.1352533635141966,1
18.57,-1,1,1,-1,0,6,0.3896830052429291,0
9.69,1,1,1,1,0,3,0.07797562381878338,0
6.14,1,1,1,1,0,0,0.04663712438568927,0
9.97,1,1,1,1,0,3,0.08780423494477,0
4.79,1,1,1,1,0,0,0.09402507088598168,0
1.47,1,-1,1,1,0,2,0.21056431709410822,0
7.25,1,1,1,1,0,0,0.007673701707671045,0
2.84,1,1,1,1,0,0,0.16247432694195962,0
0.39,1,1,1,1,0,0,0.24847467429434217,0
1.63,1,1,1,1,0,0,0.20494796787925876,0
20.99,-1,1,1,-1,0,7,0.4746302871175273,0
0.96,1,1,1,1,0,0,0.22846643021644092,0
2.3,1,1,1,1,0,0,0.1814295055420766,0
1.25,1,1,1,1,0,0,0.21828679726452624,0
10.54,1,1,1,1,0,3,0.10781247902267119,0
-0.29,1,-1,1,1,0,2,0.2723441584574524,0
0.77,1,1,1,1,0,0,0.23513584490907463,0
1.14,1,1,1,1,0,0,0.22214803734973526,0
8.76,1,1,1,1,0,0,0.04533059400747084,0
-0.1,1,-1,1,1,0,2,0.26567474376481864,0
1.05,1,1,1,1,0,0,0.2253072337830881,0
1.52,1,1,1,1,0,0,0.20880920796446772,0
0.81,1,1,1,1,0,0,0.2337317576053623,0
0.1,1,1,1,1,0,0,0.2586543072462568,0
3.34,1,1,1,1,0,0,0.144923235645555,0
1.07,1,1,1,1,0,0,0.2246051901312319,0
2.88,1,1,1,1,0,0,0.16107023963824724,0
0.21,1,1,1,1,0,0,0.2547930671610478,0
3.63,1,1,1,1,0,0,0.13474360269364036,0
0.1,1,1,1,1,0,0,0.2586543072462568,0
0.21,1,1,1,1,0,0,0.2547930671610478,0
-0.1,1,-1,1,1,0,2,0.26567474376481864,0
0.41,1,1,1,1,0,0,0.24777263064248597,0
0.11,1,1,1,1,0,0,0.2583032854203287,0
0.11,1,1,1,1,0,0,0.2583032854203287,0
-0.43,1,1,1,1,0,0,0.2772584640204457,0
0.32,1,1,1,1,0,0,0.2509318270758388,0
14.98,1,-1,1,-1,0,5,0.2636661697347441,0
1.74,1,1,1,1,0,0,0.2010867277940497,0
27.35,-1,1,-1,-1,1,9,0.6978801684077939,1
9.18,1,-1,1,1,0,14,0.0600735106964507,0
0.92,1,1,1,1,0,0,0.22987051752015328,0
0.31,1,1,1,1,0,0,0.2512828489017669,0
0.82,1,1,1,1,0,0,0.2333807357794342,0
0.41,1,1,1,1,0,0,0.24777263064248597,0
0.88,1,1,1,1,0,0,0.23127460482386564,0
0.49,1,1,1,1,0,0,0.24496445603506123,0
2.05,1,1,1,1,0,0,0.1902050511902789,0
1.17,1,1,1,1,0,0,0.22109497187195098,0
5.06,1,1,1,1,0,0,0.0845474815859232,0
11.2,1,1,1,1,0,3,0.13097991953392527,0
3.12,1,1,1,1,0,0,0.15264571581597303,0
3.51,1,1,1,1,0,0,0.13895586460477743,0
2.88,1,1,1,1,0,0,0.16107023963824724,0
2.32,1,1,1,1,0,0,0.1807274618902204,0
2.88,1,1,1,1,0,0,0.16107023963824724,0
1.12,1,1,1,1,0,0,0.22285008100159143,0
2.12,1,1,1,1,0,0,0.18774789840878223,0
1.38,1,1,1,1,0,0,0.21372351352746105,0
1.38,1,1,1,1,0,0,0.21372351352746105,0
1.38,1,1,1,1,0,0,0.21372351352746105,0
9.84,1,1,1,1,0,3,0.08324095120770478,0
13.85,1,1,1,-1,0,4,0.22400070340486966,0
13.37,1,1,1,-1,0,4,0.20715165576032124,0
14.23,1,1,1,-1,0,4,0.23733953279013717,0
1.97,1,1,1,1,0,0,0.19301322579770364,0
1.41,1,1,1,1,0,0,0.21267044804967677,0
1.31,1,1,1,1,0,0,0.2161806663089577,0
1.88,1,1,1,1,0,0,0.19617242223105644,0
2.38,1,1,1,1,0,0,0.17862133093465185,0
2.28,1,1,1,1,0,0,0.18213154919393273,0
-0.76,1,1,1,1,0,0,0.2888421842760728,0
1.43,1,1,1,1,0,0,0.21196840439782058,0
1.78,1,1,1,1,0,0,0.19968264049033738,0
1.97,1,1,1,1,0,0,0.19301322579770364,0
0.84,1,1,1,1,0,0,0.23267869212757802,0
1.13,1,1,1,1,0,0,0.22249905917566334,0
1.55,1,1,1,1,0,0,0.20775614248668348,0
1.17,1,1,1,1,0,0,0.22109497187195098,0
1.85,1,1,1,1,0,0,0.1972254877088407,0
0.78,1,1,1,1,0,0,0.23478482308314655,0
0.59,1,1,1,1,0,0,0.24145423777578032,0
0.78,1,1,1,1,0,0,0.23478482308314655,0
2.83,1,1,1,1,0,0,0.1628253487678877,0
1.17,1,1,1,1,0,0,0.22109497187195098,0
2.7,1,1,1,1,0,0,0.1673886325049529,0
4.43,1,1,1,1,0,0,0.106661856619393,0
4.82,1,1,1,1,0,0,0.09297200540819739,0
1.45,1,1,1,1,0,0,0.2112663607459644,0
4.69,1,1,1,1,0,0,0.09753528914526258,0
0.1,1,1,1,1,0,0,0.2586543072462568,0
0.41,1,1,1,1,0,0,0.24777263064248597,0
1.43,1,1,1,1,0,0,0.21196840439782058,0
1.31,1,1,1,1,0,0,0.2161806663089577,0
0.0,1,1,1,1,0,0,0.2621645255055377,0
0.0,1,1,1,1,0,0,0.2621645255055377,0
0.0,1,1,1,1,0,0,0.2621645255055377,0
0.38,1,1,1,1,0,0,0.24882569612027025,0
0.38,1,1,1,1,0,0,0.24882569612027025,0
0.38,1,1,1,1,0,0,0.24882569612027025,0
0.78,1,1,1,1,0,0,0.23478482308314655,0
0.78,1,1,1,1,0,0,0.23478482308314655,0
0.78,1,1,1,1,0,0,0.23478482308314655,0
0.4,1,1,1,1,0,0,0.24812365246841406,0
0.79,1,1,1,1,0,0,0.23443380125721847,0
4.15,1,1,1,1,0,0,0.11649046774537956,0
4.55,1,1,1,1,0,0,0.10244959470825589,0
1.27,1,1,1,1,0,0,0.21758475361267005,0
0.78,1,1,1,1,0,0,0.23478482308314655,0
2.05,1,1,1,1,0,0,0.1902050511902789,0
2.05,1,1,1,1,0,0,0.1902050511902789,0
1.22,1,1,1,1,0,0,0.21933986274231052,0
2.34,1,1,1,1,0,0,0.1800254182383642,0
0.75,1,-1,1,1,0,2,0.23583788856093083,0
2.34,1,1,1,1,0,0,0.1800254182383642,0
0.76,1,1,1,1,0,0,0.23548686673500277,0
1.99,1,1,1,1,0,0,0.19231118214584741,0
1.61,1,1,1,1,0,0,0.20565001153111492,0
0.38,1,1,1,1,0,0,0.24882569612027025,0
1.64,1,1,1,1,0,0,0.20459694605333067,0
1.25,1,1,1,1,0,0,0.21828679726452624,0
1.25,1,1,1,1,0,0,0.21828679726452624,0
1.64,1,1,1,1,0,0,0.20459694605333067,0
0.76,1,1,1,1,0,0,0.23548686673500277,0
0.0,1,1,1,1,0,0,0.2621645255055377,0
0.76,1,1,1,1,0,0,0.23548686673500277,0
0.38,1,1,1,1,0,0,0.24882569612027025,0
1.59,1,1,1,1,0,0,0.20635205518297112,0
9.0,1,-1,1,1,0,14,0.05375511782974505,0
2.34,1,1,1,1,0,0,0.1800254182383642,0
1.97,1,1,1,1,0,0,0.19301322579770364,0
2.76,1,1,1,1,0,0,0.16528250154938434,0
6.0,1,1,1,1,0,0,0.051551429948682545,0
1.24,1,1,1,1,0,0,0.21863781909045432,0
2.0,1,1,1,1,0,0,0.19196016031991933,0
0.78,1,1,1,1,0,0,0.23478482308314655,0
1.26,1,1,1,1,0,0,0.21793577543859816,0
0.78,1,1,1,1,0,0,0.23478482308314655,0
1.26,1,1,1,1,0,0,0.21793577543859816,0
5.7,1,1,1,1,0,0,0.062082084726525294,0
1.25,1,1,1,1,0,0,0.21828679726452624,0
3.19,1,1,1,1,0,0,0.1501885630344764,0
3.19,1,1,1,1,0,0,0.1501885630344764,0
0.8,1,1,1,1,0,0,0.23408277943129038,0
0.4,1,1,1,1,0,0,0.24812365246841406,0
0.4,1,1,1,1,0,0,0.24812365246841406,0
0.4,1,1,1,1,0,0,0.24812365246841406,0
8.15,1,1,1,1,0,0,0.023918262625857247,0
5.46,1,1,1,1,0,0,0.07050660854879952,0
1.92,1,-1,1,1,0,2,0.19476833492734408,0
2.37,1,1,1,1,0,0,0.17897235276057993,0
4.66,1,1,1,1,0,0,0.09858835462304687,0
5.3,1,1,1,1,0,0,0.076122957763649,0
1.13,1,1,1,1,0,0,0.22249905917566334,0
2.23,1,1,1,1,0,0,0.18388665832357323,0
2.21,1,1,1,1,0,0,0.1845887019754294,0
3.2,1,1,1,1,0,0,0.14983754120854828,0
0.55,1,1,1,1,0,0,0.2428583250794927,0
12.43,1,1,1,1,0,3,0.1741556041230806,0
17.65,-1,1,1,-1,0,6,0.3573889972575445,0
11.99,1,1,1,1,0,3,0.1587106437822446,0
9.59,1,1,1,1,0,3,0.07446540555950247,0
2.95,1,1,1,1,0,0,0.1586130868567506,0
26.96,-1,1,-1,-1,1,9,0.6841903171965983,1
17.05,-1,1,1,-1,0,6,0.3363276877018591,0
1.21,1,-1,1,1,0,2,0.2196908845682386,0
2.81,1,1,1,1,0,0,0.1635273924197439,0
1.08,1,1,1,1,0,0,0.22425416830530379,0
6.52,1,1,1,1,0,0,0.03329829500042177,0
0.74,1,1,1,1,0,0,0.23618891038685894,0
0.79,1,1,1,1,0,0,0.23443380125721847,0
1.53,1,1,1,1,0,0,0.20845818613853964,0
1.23,1,1,1,1,0,0,0.21898884091638246,0
1.38,1,1,1,1,0,0,0.21372351352746105,0
0.64,1,1,1,1,0,0,0.23969912864613988,0
0.19,1,1,1,1,0,0,0.255495110812904,0
2.6,1,1,1,1,0,0,0.1708988507642338,0
0.49,1,1,1,1,0,0,0.24496445603506123,0
0.87,1,1,1,1,0,0,0.23162562664979375,0
0.77,1,1,1,1,0,0,0.23513584490907463,0
3.06,1,1,1,1,0,0,0.1547518467715416,0
0.46,1,1,1,1,0,0,0.2460175215128455,0
0.2,1,1,1,1,0,0,0.2551440889869759,0
-0.16,1,1,1,1,0,0,0.2677808747203872,0
1.81,1,1,1,1,0,0,0.1986295750125531,0
0.97,1,1,1,1,0,0,0.2281154083905128,0
0.45,1,1,1,1,0,0,0.2463685433387736,0
1.53,1,1,1,1,0,0,0.20845818613853964,0
0.9,1,1,1,1,0,0,0.23057256117200944,0
0.22,1,1,1,1,0,0,0.2544420453351197,0
0.97,1,1,1,1,0,0,0.2281154083905128,0
1.36,1,1,1,1,0,0,0.21442555717931722,0
-0.76,1,1,1,1,0,0,0.2888421842760728,0
0.26,1,-1,1,1,0,2,0.25303795803140733,0
0.34,1,-1,1,1,0,2,0.2502297834239826,0
0.68,1,1,1,1,0,0,0.23829504134242752,0
-0.01,1,-1,1,1,0,2,0.2625155473314658,0
2.65,1,1,1,1,0,0,0.1691437416345934,0
0.29,1,1,1,1,0,0,0.25198489255362305,0
-0.47,1,1,1,1,0,0,0.278662551324158,0
0.43,1,-1,1,1,0,2,0.24707058699062978,0
1.04,1,-1,1,1,0,2,0.22565825560901617,0
-0.35,1,1,1,1,0,0,0.27445028941302096,0
0.18,1,1,1,1,0,0,0.2558461326388321,0
0.86,1,1,1,1,0,0,0.23197664847572183,0
0.3,1,1,1,1,0,0,0.251633870727695,0
0.61,1,1,1,1,0,0,0.2407521941239241,0
0.76,1,1,1,1,0,0,0.23548686673500277,0
1.2,1,1,1,1,0,0,0.22004190639416668,0
0.6,1,1,1,1,0,0,0.2411032159498522,0
10.4,1,1,1,1,0,3,0.10289817345967794,0
2.92,1,1,1,1,0,0,0.15966615233453488,0
1.12,1,1,1,1,0,0,0.22285008100159143,0
0.77,1,1,1,1,0,0,0.23513584490907463,0
0.91,1,1,1,1,0,0,0.23022153934608136,0
3.06,1,1,1,1,0,0,0.1547518467715416,0
5.35,1,1,1,1,0,0,0.07436784863400853,0
17.5,-1,1,1,-1,0,6,0.3521236698686232,0
47.92,-1,1,-1,-1,1,-1,1.4199320643418794,1
17.79,-1,1,1,-1,0,6,0.36230330282053785,0
0.8,1,1,1,1,0,0,0.23408277943129038,0
0.82,1,1,1,1,0,0,0.2333807357794342,0
1.35,1,1,1,1,0,0,0.2147765790052453,0
1.2,1,1,1,1,0,0,0.22004190639416668,0
2.57,1,1,1,1,0,0,0.1719519162420181,0
3.06,1,1,1,1,0,0,0.1547518467715416,0
1.89,1,1,1,1,0,0,0.19582140040512838,0
3.41,1,1,1,1,0,0,0.14246608286405837,0
1.03,1,-1,1,1,0,2,0.22600927743494426,0
0.95,1,1,1,1,0,0,0.22881745204236897,0
4.04,1,1,1,1,0,0,0.12035170783058857,0
1.53,1,1,1,1,0,0,0.20845818613853964,0
0.75,1,-1,1,1,0,2,0.23583788856093083,0
0.92,1,1,1,1,0,0,0.22987051752015328,0
2.46,1,1,1,1,0,0,0.1758131563272271,0
1.0,1,1,1,1,0,0,0.22706234291272853,0
1.56,1,1,1,1,0,0,0.20740512066075542,0
5.54,1,1,1,1,0,0,0.06769843394137477,0
6.01,1,1,1,1,0,0,0.051200408122754455,0
12.78,1,1,1,1,0,3,0.1864413680305638,0
0.38,1,1,1,1,0,0,0.24882569612027025,0
0.5,1,1,1,1,0,0,0.24461343420913315,0
0.83,1,1,1,1,0,0,0.2330297139535061,0
0.14,1,1,1,1,0,0,0.2572502199425445,0
2.25,1,1,1,1,0,0,0.18318461467171704,0
3.74,1,1,1,1,0,0,0.13088236260843134,0
2.23,1,1,1,1,0,0,0.18388665832357323,0
3.86,1,1,1,1,0,0,0.12667010069729423,0
3.04,1,1,1,1,0,0,0.15545389042339777,0
1.31,1,1,1,1,0,0,0.2161806663089577,0
1.57,1,1,1,1,0,0,0.20705409883482728,0
0.81,1,1,1,1,0,0,0.2337317576053623,0
0.44,1,-1,1,1,0,2,0.24671956516470167,0
0.21,1,1,1,1,0,0,0.2547930671610478,0
0.42,1,-1,1,1,0,2,0.24742160881655786,0
0.36,1,-1,1,1,0,2,0.24952773977212642,0
1.1,1,1,1,1,0,0,0.2235521246534476,0
1.08,1,1,1,1,0,0,0.22425416830530379,0
0.66,1,1,1,1,0,0,0.23899708499428365,0
2.5,1,1,1,1,0,0,0.17440906902351475,0
7.63,1,1,1,1,0,0,0.0056651276775964475,0
8.57,1,-1,1,1,0,14,0.03866117931483711,0
1.31,1,1,1,1,0,0,0.2161806663089577,0
5.43,1,1,1,1,0,0,0.0715596740265838,0
0.75,1,-1,1,1,0,2,0.23583788856093083,0
1.62,1,1,1,1,0,0,0.2052989897051868,0
1.12,1,1,1,1,0,0,0.22285008100159143,0
2.25,1,1,1,1,0,0,0.18318461467171704,0
0.48,1,1,1,1,0,0,0.24531547786098934,0
-0.16,1,1,1,1,0,0,0.2677808747203872,0
0.4,1,1,1,1,0,0,0.24812365246841406,0
0.44,1,-1,1,1,0,2,0.24671956516470167,0
0.27,1,1,1,1,0,0,0.2526869362054792,0
0.52,1,1,1,1,0,0,0.24391139055727692,0
0.25,1,-1,1,1,0,2,0.25338897985733544,0
0.5,1,1,1,1,0,0,0.24461343420913315,0
1.97,1,1,1,1,0,0,0.19301322579770364,0
-2.34,-1,1,-1,1,1,12,0.3443036327727113,0
0.56,1,1,1,1,0,0,0.2425073032535646,0
0.33,1,1,1,1,0,0,0.25058080524991067,0
1.07,1,1,1,1,0,0,0.2246051901312319,0
1.41,1,1,1,1,0,0,0.21267044804967677,0
0.84,1,1,1,1,0,0,0.23267869212757802,0
5.35,1,1,1,1,0,0,0.07436784863400853,0
1.47,1,-1,1,1,0,2,0.21056431709410822,0
1.24,1,1,1,1,0,0,0.21863781909045432,0
2.19,1,1,1,1,0,0,0.1852907456272856,0
3.83,1,1,1,1,0,0,0.1277231661750785,0
0.81,1,1,1,1,0,0,0.2337317576053623,0
1.42,1,1,1,1,0,0,0.2123194262237487,0
0.87,1,1,1,1,0,0,0.23162562664979375,0
1.17,1,1,1,1,0,0,0.22109497187195098,0
1.46,1,1,1,1,0,0,0.2109153389200363,0
2.53,1,1,1,1,0,0,0.17335600354573047,0
1.26,1,1,1,1,0,0,0.21793577543859816,0
1.81,1,1,1,1,0,0,0.1986295750125531,0
1.0,1,1,1,1,0,0,0.22706234291272853,0
0.12,1,1,1,1,0,0,0.25795226359440065,0
0.45,1,1,1,1,0,0,0.2463685433387736,0
-0.02,1,-1,1,1,0,2,0.2628665691573939,0
0.19,1,1,1,1,0,0,0.255495110812904,0
-0.7,1,1,1,1,0,0,0.28673605332050417,0
-0.45,1,1,1,1,0,0,0.2779605076723019,0
1.09,1,1,1,1,0,0,0.2239031464793757,0
0.8,1,1,1,1,0,0,0.23408277943129038,0
1.17,1,1,1,1,0,0,0.22109497187195098,0
1.76,1,1,1,1,0,0,0.20038468414219354,0
3.23,1,1,1,1,0,0,0.14878447573076403,0
0.88,1,1,1,1,0,0,0.23127460482386564,0
0.77,1,1,1,1,0,0,0.23513584490907463,0
0.1,1,1,1,1,0,0,0.2586543072462568,0
2.4,1,1,1,1,0,0,0.17791928728279569,0
0.58,1,1,1,1,0,0,0.2418052596017084,0
-0.58,1,1,1,1,0,0,0.28252379140936706,0
2.43,1,1,1,1,0,0,0.17686622180501135,0
8.16,1,1,1,1,0,0,0.02426928445178533,0
9.52,1,1,1,1,0,3,0.07200825277800582,0
2.09,1,1,1,1,0,0,0.1888009638865665,0
0.28,1,1,1,1,0,0,0.25233591437955116,0
1.8,1,1,1,1,0,0,0.1989805968384812,0
4.36,1,1,1,1,0,0,0.10911900940088962,0
4.84,1,1,1,1,0,0,0.09226996175634122,0
3.51,1,1,1,1,0,0,0.13895586460477743,0
1.04,1,-1,1,1,0,2,0.22565825560901617,0
2.47,1,1,1,1,0,0,0.17546213450129902,0
1.97,1,1,1,1,0,0,0.19301322579770364,0
1.97,1,1,1,1,0,0,0.19301322579770364,0
1.13,1,1,1,1,0,0,0.22249905917566334,0
20.38,-1,1,1,-1,0,7,0.45321795573591367,0
0.67,1,1,1,1,0,0,0.23864606316835557,0
0.48,1,1,1,1,0,0,0.24531547786098934,0
2.97,1,1,1,1,0,0,0.1579110432048944,0
5.64,1,1,1,1,0,0,0.06418821568209387,0
3.01,1,1,1,1,0,0,0.15650695590118205,0
3.57,1,1,1,1,0,0,0.1368497336492089,0
5.73,1,1,1,1,0,0,0.06102901924874101,0
1.17,1,1,1,1,0,0,0.22109497187195098,0
1.17,1,1,1,1,0,0,0.22109497187195098,0
1.07,1,1,1,1,0,0,0.2246051901312319,0
1.26,1,1,1,1,0,0,0.21793577543859816,0
1.14,1,1,1,1,0,0,0.22214803734973526,0
-0.1,1,-1,1,1,0,2,0.26567474376481864,0
1.05,1,1,1,1,0,0,0.2253072337830881,0
0.67,1,1,1,1,0,0,0.23864606316835557,0
0.58,1,1,1,1,0,0,0.2418052596017084,0
1.45,1,1,1,1,0,0,0.2112663607459644,0
1.74,1,1,1,1,0,0,0.2010867277940497,0
2.33,1,1,1,1,0,0,0.18037644006429232,0
1.84,1,-1,1,1,0,2,0.19757650953476882,0
8.9,1,1,1,1,0,0,0.05024489957046415,0
1.41,1,1,1,1,0,0,0.21267044804967677,0
2.35,1,1,1,1,0,0,0.17967439641243613,0
3.38,1,1,1,1,0,0,0.14351914834184265,0
2.44,1,1,1,1,0,0,0.1765151999790833,0
0.28,1,1,1,1,0,0,0.25233591437955116,0
2.29,1,1,1,1,0,0,0.18178052736800468,0
3.15,1,1,1,1,0,0,0.15159265033818878,0
-0.67,1,1,1,1,0,0,0.28568298784271995,0
-0.57,1,1,1,1,0,0,0.28217276958343895,0
7.6,1,1,1,1,0,0,0.004612062199812163,0
5.78,1,1,1,1,0,0,0.05927391011910056,0
6.16,1,1,1,1,0,0,0.04593508073383307,0
2.02,1,1,1,1,0,0,0.19125811666806314,0
2.99,1,1,1,1,0,0,0.15720899955303821,0
-0.47,1,1,1,1,0,0,0.278662551324158,0
1.49,1,1,1,1,0,0,0.20986227344225203,0
3.55,1,1,1,1,0,0,0.1375517773010651,0
5.79,1,1,1,1,0,0,0.05892288829317247,0
1.42,1,1,1,1,0,0,0.2123194262237487,0
1.9,1,1,1,1,0,0,0.19547037857920027,0
1.8,1,1,1,1,0,0,0.1989805968384812,0
3.72,1,1,1,1,0,0,0.13158440626028753,0
14.24,1,1,1,-1,0,4,0.23769055461606528,0
1.49,1,1,1,1,0,0,0.20986227344225203,0
12.57,1,1,1,1,0,3,0.1790699096860739,0
8.21,1,1,1,1,0,0,0.026024393581425817,0
4.43,1,1,1,1,0,0,0.106661856619393,0
5.47,1,1,1,1,0,0,0.07015558672287144,0
9.71,1,1,1,1,0,3,0.07867766747063962,0
5.62,1,1,1,1,0,0,0.06489025933395004,0
14.34,1,1,1,-1,0,4,0.24120077287534616,0
3.75,1,1,1,1,0,0,0.13053134078250322,0
56.24,-1,-1,-1,-1,1,-1,1.7119822235140518,1
3.77,1,1,1,1,0,0,0.12982929713064706,0
0.87,1,1,1,1,0,0,0.23162562664979375,0
2.13,1,1,1,1,0,0,0.18739687658285417,0
3.19,1,1,1,1,0,0,0.1501885630344764,0
0.4,1,1,1,1,0,0,0.24812365246841406,0
0.8,1,1,1,1,0,0,0.23408277943129038,0
-0.3,1,-1,1,1,0,2,0.2726951802833805,0
-0.3,1,-1,1,1,0,2,0.2726951802833805,0
1.88,1,1,1,1,0,0,0.19617242223105644,0
0.59,1,1,1,1,0,0,0.24145423777578032,0
1.88,1,1,1,1,0,0,0.19617242223105644,0
-0.5,1,1,1,1,0,0,0.27971561680194235,0
0.6,1,1,1,1,0,0,0.2411032159498522,0
-0.3,1,-1,1,1,0,2,0.2726951802833805,0
-0.4,1,1,1,1,0,0,0.27620539854266146,0
0.4,1,1,1,1,0,0,0.24812365246841406,0
1.36,1,1,1,1,0,0,0.21442555717931722,0
0.19,1,1,1,1,0,0,0.255495110812904,0
2.62,1,1,1,1,0,0,0.17019680711237764,0
0.48,1,1,1,1,0,0,0.24531547786098934,0
0.29,1,1,1,1,0,0,0.25198489255362305,0
-0.39,1,1,1,1,0,0,0.27585437671673335,0
2.33,1,1,1,1,0,0,0.18037644006429232,0
2.04,1,1,1,1,0,0,0.19055607301620697,0
8.74,1,1,1,1,0,0,0.044628550355614666,0
0.68,1,1,1,1,0,0,0.23829504134242752,0
4.76,1,1,1,1,0,0,0.09507813636376596,0
1.26,1,1,1,1,0,0,0.21793577543859816,0
0.58,1,1,1,1,0,0,0.2418052596017084,0
0.96,1,1,1,1,0,0,0.22846643021644092,0
1.73,1,1,1,1,0,0,0.20143774961997782,0
1.25,1,1,1,1,0,0,0.21828679726452624,0
6.32,1,1,1,1,0,0,0.04031873151898359,0
2.97,1,1,1,1,0,0,0.1579110432048944,0
2.32,1,1,1,1,0,0,0.1807274618902204,0
-2.32,-1,1,-1,1,1,12,0.34360158912085503,0
0.38,1,1,1,1,0,0,0.24882569612027025,0
1.72,1,1,1,1,0,0,0.20178877144590593,0
1.72,1,1,1,1,0,0,0.20178877144590593,0
1.62,1,1,1,1,0,0,0.2052989897051868,0
-0.19,1,1,1,1,0,0,0.2688339401981715,0
-0.37,1,1,1,1,0,0,0.27515233306487713,0
2.33,1,1,1,1,0,0,0.18037644006429232,0
9.9,1,1,1,1,0,3,0.08534708216327334,0
1.25,1,1,1,1,0,0,0.21828679726452624,0
1.05,1,1,1,1,0,0,0.2253072337830881,0
2.11,1,1,1,1,0,0,0.1880989202347103,0
1.15,1,1,1,1,0,0,0.22179701552380718,0
1.03,1,-1,1,1,0,2,0.22600927743494426,0
1.12,1,1,1,1,0,0,0.22285008100159143,0
31.58,-1,-1,-1,-1,1,-1,0.8463624007753766,1
0.28,1,1,1,1,0,0,0.25233591437955116,0
0.29,1,1,1,1,0,0,0.25198489255362305,0
-0.19,1,1,1,1,0,0,0.2688339401981715,0
8.7,1,1,1,1,0,0,0.043224463051902265,0
0.87,1,1,1,1,0,0,0.23162562664979375,0
1.02,1,-1,1,1,0,2,0.22636029926087234,0
0.82,1,1,1,1,0,0,0.2333807357794342,0
0.61,1,1,1,1,0,0,0.2407521941239241,0
0.0,1,1,1,1,0,0,0.2621645255055377,0
1.89,1,1,1,1,0,0,0.19582140040512838,0
-1.39,1,1,-1,1,0,1,0.3109565593095425,0
4.78,1,1,1,1,0,0,0.09437609271190976,0
2.87,1,1,1,1,0,0,0.16142126146417532,0
1.74,1,1,1,1,0,0,0.2010867277940497,0
2.77,1,1,1,1,0,0,0.16493147972345626,0
1.54,1,1,1,1,0,0,0.2081071643126116,0
0.98,1,1,1,1,0,0,0.22776438656458473,0
0.79,1,1,1,1,0,0,0.23443380125721847,0
0.69,1,1,1,1,0,0,0.23794401951649938,0
-0.1,1,-1,1,1,0,2,0.26567474376481864,0
1.66,1,1,1,1,0,0,0.20389490240147448,0
0.78,1,1,1,1,0,0,0.23478482308314655,0
1.75,1,1,1,1,0,0,0.20073570596812165,0
-0.1,1,-1,1,1,0,2,0.26567474376481864,0
-2.32,-1,1,-1,1,1,12,0.34360158912085503,0
4.15,1,1,1,1,0,0,0.11649046774537956,0
-0.39,1,1,1,1,0,0,0.27585437671673335,0
4.64,1,1,1,1,0,0,0.09929039827490306,0
20.11,-1,1,1,-1,0,7,0.44374036643585524,0
21.81,-1,1,1,-1,0,7,0.5034140768436308,0
5.95,1,1,1,1,0,0,0.053306539078323,0
79.68,-1,-1,-1,-1,1,-1,2.5347773834894993,1
0.97,1,1,1,1,0,0,0.2281154083905128,0
3.0,1,1,1,1,0,0,0.15685797772711013,0
0.87,1,1,1,1,0,0,0.23162562664979375,0
-1.55,1,1,-1,1,0,1,0.316572908524392,0
-1.05,1,1,1,1,0,0,0.29902181722798743,0
4.88,1,1,1,1,0,0,0.09086587445262885,0
-0.67,1,1,1,1,0,0,0.28568298784271995,0
0.96,1,1,1,1,0,0,0.22846643021644092,0
0.09,1,1,1,1,0,0,0.2590053290721849,0
0.92,1,1,1,1,0,0,0.22987051752015328,0
1.38,1,1,1,1,0,0,0.21372351352746105,0
0.92,1,1,1,1,0,0,0.22987051752015328,0
1.56,1,1,1,1,0,0,0.20740512066075542,0
1.36,1,1,1,1,0,0,0.21442555717931722,0
5.25,1,1,1,1,0,0,0.07787806689328944,0
0.88,1,1,1,1,0,0,0.23127460482386564,0
1.51,1,1,1,1,0,0,0.20916022979039586,0
1.04,1,-1,1,1,0,2,0.22565825560901617,0
1.79,1,1,1,1,0,0,0.19933161866440927,0
0.76,1,1,1,1,0,0,0.23548686673500277,0
2.31,1,1,1,1,0,0,0.18107848371614851,0
1.15,1,1,1,1,0,0,0.22179701552380718,0
2.02,1,1,1,1,0,0,0.19125811666806314,0
1.64,1,1,1,1,0,0,0.20459694605333067,0
0.99,1,1,1,1,0,0,0.22741336473865661,0
-0.2,1,1,1,1,0,0,0.2691849620240996,0
0.3,1,1,1,1,0,0,0.251633870727695,0
0.4,1,1,1,1,0,0,0.24812365246841406,0
